projection,gene,count
SN (Drd1+/Sema3c-),Kcnq2,11
SN (Drd1+/Sema3c-),Kcnq2,0
SN (Drd1+/Sema3c-),Kcnq2,2
SN (Drd1+/Sema3c-),Kcnq2,33
SN (Drd1+/Sema3c-),Kcnq2,25
SN (Drd1+/Sema3c-),Kcnq2,18
SN (Drd1+/Sema3c-),Kcnq2,7
SN (Drd1+/Sema3c-),Kcnq2,25
SN (Drd1+/Sema3c-),Kcnq2,0
SN (Drd1+/Sema3c-),Kcnq2,17
SN (Drd1+/Sema3c-),Kcnq2,25
SN (Drd1+/Sema3c-),Kcnq2,0
SN (Drd1+/Sema3c-),Kcnq2,16
SN (Drd1+/Sema3c-),Kcnq2,51
SN (Drd1+/Sema3c-),Kcnq2,56
SN (Drd1+/Sema3c-),Kcnq2,53
SN (Drd1+/Sema3c-),Kcnq2,0
SN (Drd1+/Sema3c-),Kcnq2,0
SN (Drd1+/Sema3c-),Kcnq2,15
SN (Drd1+/Sema3c-),Kcnq2,41
SN (Drd1+/Sema3c-),Kcnq2,23
SN (Drd1+/Sema3c-),Kcnq2,18
SN (Drd1+/Sema3c-),Kcnq2,0
SN (Drd1+/Sema3c-),Kcnq2,37
SN (Drd1+/Sema3c-),Kcnq2,15
SN (Drd1+/Sema3c-),Kcnq2,42
SN (Drd1+/Sema3c-),Kcnq2,14
SN (Drd1+/Sema3c-),Kcnq2,31
SN (Drd1+/Sema3c-),Kcnq2,34
SN (Drd1+/Sema3c-),Kcnq2,6
SN (Drd1+/Sema3c-),Kcnq2,5
SN (Drd1+/Sema3c-),Kcnq2,16
SN (Drd1+/Sema3c-),Kcnq2,82
SN (Drd1+/Sema3c-),Kcnq2,36
SN (Drd1+/Sema3c-),Kcnq2,26
SN (Drd1+/Sema3c-),Kcnq2,35
SN (Drd1+/Sema3c-),Kcnq2,66
SN (Drd1+/Sema3c-),Kcnq2,10
SN (Drd1+/Sema3c-),Kcnq2,0
SN (Drd1+/Sema3c-),Kcnq2,14
SN (Drd1+/Sema3c-),Kcnq2,10
SN (Drd1+/Sema3c-),Kcnq2,16
SN (Drd1+/Sema3c-),Kcnq2,63
SN (Drd1+/Sema3c-),Kcnq2,52
SN (Drd1+/Sema3c-),Kcnq2,1
SN (Drd1+/Sema3c-),Kcnq2,12
SN (Drd1+/Sema3c-),Kcnq2,19
SN (Drd1+/Sema3c-),Kcnq2,24
SN (Drd1+/Sema3c-),Kcnq2,1
SN (Drd1+/Sema3c-),Kcnq2,27
SN (Drd1+/Sema3c-),Kcnq2,25
SN (Drd1+/Sema3c-),Kcnq2,14
SN (Drd1+/Sema3c-),Kcnq2,40
SN (Drd1+/Sema3c-),Kcnq2,8
SN (Drd1+/Sema3c-),Kcnq2,13
SN (Drd1+/Sema3c-),Kcnq2,15
SN (Drd1+/Sema3c-),Kcnq2,30
SN (Drd1+/Sema3c-),Kcnq2,5
SN (Drd1+/Sema3c-),Kcnq2,13
SN (Drd1+/Sema3c-),Kcnq2,7
SN (Drd1+/Sema3c-),Kcnq2,3
SN (Drd1+/Sema3c-),Kcnq2,4
SN (Drd1+/Sema3c-),Kcnq2,6
SN (Drd1+/Sema3c-),Kcnq2,10
SN (Drd1+/Sema3c-),Kcnq2,23
SN (Drd1+/Sema3c-),Kcnq2,20
SN (Drd1+/Sema3c-),Kcnq2,15
SN (Drd1+/Sema3c-),Kcnq2,0
SN (Drd1+/Sema3c-),Kcnq2,9
SN (Drd1+/Sema3c-),Kcnq2,8
SN (Drd1+/Sema3c-),Kcnq2,8
SN (Drd1+/Sema3c-),Kcnq2,30
SN (Drd1+/Sema3c-),Kcnq2,12
SN (Drd1+/Sema3c-),Kcnq2,8
SN (Drd1+/Sema3c-),Kcnq2,5
SN (Drd1+/Sema3c-),Kcnq2,36
SN (Drd1+/Sema3c-),Kcnq2,26
SN (Drd1+/Sema3c-),Kcnq2,9
SN (Drd1+/Sema3c-),Kcnq2,26
SN (Drd1+/Sema3c-),Kcnq2,1
SN (Drd1+/Sema3c-),Kcnq2,12
SN (Drd1+/Sema3c-),Kcnq2,6
SN (Drd1+/Sema3c-),Kcnq2,2
SN (Drd1+/Sema3c-),Kcnq2,5
SN (Drd1+/Sema3c-),Kcnq2,1
SN (Drd1+/Sema3c-),Kcnq2,16
SN (Drd1+/Sema3c-),Kcnq2,8
SN (Drd1+/Sema3c-),Kcnq2,3
SN (Drd1+/Sema3c-),Kcnq2,0
SN (Drd1+/Sema3c-),Kcnq2,8
SN (Drd1+/Sema3c-),Kcnq2,11
SN (Drd1+/Sema3c-),Kcnq2,19
SN (Drd1+/Sema3c-),Kcnq2,35
SN (Drd1+/Sema3c-),Kcnq2,6
SN (Drd1+/Sema3c-),Kcnq2,20
SN (Drd1+/Sema3c-),Kcnq2,25
SN (Drd1+/Sema3c-),Kcnq2,3
SN (Drd1+/Sema3c-),Kcnq2,47
SN (Drd1+/Sema3c-),Kcnq2,0
SN (Drd1+/Sema3c-),Kcnq2,4
SN (Drd1+/Sema3c-),Kcnq2,50
SN (Drd1+/Sema3c-),Kcnq2,0
SN (Drd1+/Sema3c-),Kcnq2,1
SN (Drd1+/Sema3c-),Kcnq2,0
SN (Drd1+/Sema3c-),Kcnq2,121
SN (Drd1+/Sema3c-),Kcnq2,20
SN (Drd1+/Sema3c-),Kcnq2,0
SN (Drd1+/Sema3c-),Kcnq2,10
SN (Drd1+/Sema3c-),Kcnq2,8
SN (Drd1+/Sema3c-),Kcnq2,62
SN (Drd1+/Sema3c-),Kcnq2,21
SN (Drd1+/Sema3c-),Kcnq2,0
SN (Drd1+/Sema3c-),Kcnq2,16
SN (Drd1+/Sema3c-),Kcnq2,9
SN (Drd1+/Sema3c-),Kcnq2,0
SN (Drd1+/Sema3c-),Kcnq2,4
SN (Drd1+/Sema3c-),Kcnq2,5
SN (Drd1+/Sema3c-),Kcnq2,0
SN (Drd1+/Sema3c-),Kcnq3,1
SN (Drd1+/Sema3c-),Kcnq3,0
SN (Drd1+/Sema3c-),Kcnq3,0
SN (Drd1+/Sema3c-),Kcnq3,7
SN (Drd1+/Sema3c-),Kcnq3,12
SN (Drd1+/Sema3c-),Kcnq3,0
SN (Drd1+/Sema3c-),Kcnq3,0
SN (Drd1+/Sema3c-),Kcnq3,1
SN (Drd1+/Sema3c-),Kcnq3,4
SN (Drd1+/Sema3c-),Kcnq3,7
SN (Drd1+/Sema3c-),Kcnq3,24
SN (Drd1+/Sema3c-),Kcnq3,0
SN (Drd1+/Sema3c-),Kcnq3,10
SN (Drd1+/Sema3c-),Kcnq3,41
SN (Drd1+/Sema3c-),Kcnq3,0
SN (Drd1+/Sema3c-),Kcnq3,17
SN (Drd1+/Sema3c-),Kcnq3,1
SN (Drd1+/Sema3c-),Kcnq3,0
SN (Drd1+/Sema3c-),Kcnq3,0
SN (Drd1+/Sema3c-),Kcnq3,1
SN (Drd1+/Sema3c-),Kcnq3,42
SN (Drd1+/Sema3c-),Kcnq3,0
SN (Drd1+/Sema3c-),Kcnq3,0
SN (Drd1+/Sema3c-),Kcnq3,22
SN (Drd1+/Sema3c-),Kcnq3,10
SN (Drd1+/Sema3c-),Kcnq3,3
SN (Drd1+/Sema3c-),Kcnq3,0
SN (Drd1+/Sema3c-),Kcnq3,1
SN (Drd1+/Sema3c-),Kcnq3,1
SN (Drd1+/Sema3c-),Kcnq3,4
SN (Drd1+/Sema3c-),Kcnq3,0
SN (Drd1+/Sema3c-),Kcnq3,0
SN (Drd1+/Sema3c-),Kcnq3,38
SN (Drd1+/Sema3c-),Kcnq3,25
SN (Drd1+/Sema3c-),Kcnq3,39
SN (Drd1+/Sema3c-),Kcnq3,0
SN (Drd1+/Sema3c-),Kcnq3,17
SN (Drd1+/Sema3c-),Kcnq3,0
SN (Drd1+/Sema3c-),Kcnq3,0
SN (Drd1+/Sema3c-),Kcnq3,0
SN (Drd1+/Sema3c-),Kcnq3,16
SN (Drd1+/Sema3c-),Kcnq3,3
SN (Drd1+/Sema3c-),Kcnq3,7
SN (Drd1+/Sema3c-),Kcnq3,0
SN (Drd1+/Sema3c-),Kcnq3,1
SN (Drd1+/Sema3c-),Kcnq3,15
SN (Drd1+/Sema3c-),Kcnq3,7
SN (Drd1+/Sema3c-),Kcnq3,2
SN (Drd1+/Sema3c-),Kcnq3,1
SN (Drd1+/Sema3c-),Kcnq3,0
SN (Drd1+/Sema3c-),Kcnq3,26
SN (Drd1+/Sema3c-),Kcnq3,0
SN (Drd1+/Sema3c-),Kcnq3,12
SN (Drd1+/Sema3c-),Kcnq3,0
SN (Drd1+/Sema3c-),Kcnq3,1
SN (Drd1+/Sema3c-),Kcnq3,0
SN (Drd1+/Sema3c-),Kcnq3,24
SN (Drd1+/Sema3c-),Kcnq3,0
SN (Drd1+/Sema3c-),Kcnq3,0
SN (Drd1+/Sema3c-),Kcnq3,6
SN (Drd1+/Sema3c-),Kcnq3,0
SN (Drd1+/Sema3c-),Kcnq3,9
SN (Drd1+/Sema3c-),Kcnq3,14
SN (Drd1+/Sema3c-),Kcnq3,0
SN (Drd1+/Sema3c-),Kcnq3,12
SN (Drd1+/Sema3c-),Kcnq3,16
SN (Drd1+/Sema3c-),Kcnq3,0
SN (Drd1+/Sema3c-),Kcnq3,0
SN (Drd1+/Sema3c-),Kcnq3,0
SN (Drd1+/Sema3c-),Kcnq3,0
SN (Drd1+/Sema3c-),Kcnq3,0
SN (Drd1+/Sema3c-),Kcnq3,16
SN (Drd1+/Sema3c-),Kcnq3,7
SN (Drd1+/Sema3c-),Kcnq3,15
SN (Drd1+/Sema3c-),Kcnq3,14
SN (Drd1+/Sema3c-),Kcnq3,0
SN (Drd1+/Sema3c-),Kcnq3,0
SN (Drd1+/Sema3c-),Kcnq3,0
SN (Drd1+/Sema3c-),Kcnq3,10
SN (Drd1+/Sema3c-),Kcnq3,13
SN (Drd1+/Sema3c-),Kcnq3,0
SN (Drd1+/Sema3c-),Kcnq3,13
SN (Drd1+/Sema3c-),Kcnq3,19
SN (Drd1+/Sema3c-),Kcnq3,11
SN (Drd1+/Sema3c-),Kcnq3,0
SN (Drd1+/Sema3c-),Kcnq3,0
SN (Drd1+/Sema3c-),Kcnq3,1
SN (Drd1+/Sema3c-),Kcnq3,0
SN (Drd1+/Sema3c-),Kcnq3,15
SN (Drd1+/Sema3c-),Kcnq3,13
SN (Drd1+/Sema3c-),Kcnq3,10
SN (Drd1+/Sema3c-),Kcnq3,9
SN (Drd1+/Sema3c-),Kcnq3,24
SN (Drd1+/Sema3c-),Kcnq3,0
SN (Drd1+/Sema3c-),Kcnq3,0
SN (Drd1+/Sema3c-),Kcnq3,1
SN (Drd1+/Sema3c-),Kcnq3,0
SN (Drd1+/Sema3c-),Kcnq3,0
SN (Drd1+/Sema3c-),Kcnq3,0
SN (Drd1+/Sema3c-),Kcnq3,0
SN (Drd1+/Sema3c-),Kcnq3,16
SN (Drd1+/Sema3c-),Kcnq3,0
SN (Drd1+/Sema3c-),Kcnq3,9
SN (Drd1+/Sema3c-),Kcnq3,0
SN (Drd1+/Sema3c-),Kcnq3,14
SN (Drd1+/Sema3c-),Kcnq3,4
SN (Drd1+/Sema3c-),Kcnq3,0
SN (Drd1+/Sema3c-),Kcnq3,0
SN (Drd1+/Sema3c-),Kcnq3,0
SN (Drd1+/Sema3c-),Kcnq3,0
SN (Drd1+/Sema3c-),Kcnq3,1
SN (Drd1+/Sema3c-),Kcnq3,0
SN (Drd1+/Sema3c-),Kcnq3,0
SN (Drd1+/Sema3c-),Kcnq3,0
SN (Drd1+/Sema3c-),Kcnq3,0
SN (Drd1+/Sema3c-),Kcnq3,0
SN (Drd1+/Sema3c-),Kcnq3,1
SN (Drd1+/Sema3c-),Kcnq3,0
SN (Drd1+/Sema3c-),Kcnq5,1
SN (Drd1+/Sema3c-),Kcnq5,2
SN (Drd1+/Sema3c-),Kcnq5,0
SN (Drd1+/Sema3c-),Kcnq5,0
SN (Drd1+/Sema3c-),Kcnq5,39
SN (Drd1+/Sema3c-),Kcnq5,0
SN (Drd1+/Sema3c-),Kcnq5,8
SN (Drd1+/Sema3c-),Kcnq5,0
SN (Drd1+/Sema3c-),Kcnq5,0
SN (Drd1+/Sema3c-),Kcnq5,0
SN (Drd1+/Sema3c-),Kcnq5,0
SN (Drd1+/Sema3c-),Kcnq5,0
SN (Drd1+/Sema3c-),Kcnq5,0
SN (Drd1+/Sema3c-),Kcnq5,0
SN (Drd1+/Sema3c-),Kcnq5,22
SN (Drd1+/Sema3c-),Kcnq5,1
SN (Drd1+/Sema3c-),Kcnq5,1
SN (Drd1+/Sema3c-),Kcnq5,7
SN (Drd1+/Sema3c-),Kcnq5,1
SN (Drd1+/Sema3c-),Kcnq5,7
SN (Drd1+/Sema3c-),Kcnq5,0
SN (Drd1+/Sema3c-),Kcnq5,0
SN (Drd1+/Sema3c-),Kcnq5,0
SN (Drd1+/Sema3c-),Kcnq5,0
SN (Drd1+/Sema3c-),Kcnq5,0
SN (Drd1+/Sema3c-),Kcnq5,30
SN (Drd1+/Sema3c-),Kcnq5,1
SN (Drd1+/Sema3c-),Kcnq5,14
SN (Drd1+/Sema3c-),Kcnq5,1
SN (Drd1+/Sema3c-),Kcnq5,0
SN (Drd1+/Sema3c-),Kcnq5,37
SN (Drd1+/Sema3c-),Kcnq5,0
SN (Drd1+/Sema3c-),Kcnq5,25
SN (Drd1+/Sema3c-),Kcnq5,0
SN (Drd1+/Sema3c-),Kcnq5,0
SN (Drd1+/Sema3c-),Kcnq5,37
SN (Drd1+/Sema3c-),Kcnq5,0
SN (Drd1+/Sema3c-),Kcnq5,0
SN (Drd1+/Sema3c-),Kcnq5,0
SN (Drd1+/Sema3c-),Kcnq5,0
SN (Drd1+/Sema3c-),Kcnq5,0
SN (Drd1+/Sema3c-),Kcnq5,2
SN (Drd1+/Sema3c-),Kcnq5,0
SN (Drd1+/Sema3c-),Kcnq5,0
SN (Drd1+/Sema3c-),Kcnq5,1
SN (Drd1+/Sema3c-),Kcnq5,0
SN (Drd1+/Sema3c-),Kcnq5,1
SN (Drd1+/Sema3c-),Kcnq5,5
SN (Drd1+/Sema3c-),Kcnq5,0
SN (Drd1+/Sema3c-),Kcnq5,0
SN (Drd1+/Sema3c-),Kcnq5,31
SN (Drd1+/Sema3c-),Kcnq5,0
SN (Drd1+/Sema3c-),Kcnq5,4
SN (Drd1+/Sema3c-),Kcnq5,0
SN (Drd1+/Sema3c-),Kcnq5,0
SN (Drd1+/Sema3c-),Kcnq5,22
SN (Drd1+/Sema3c-),Kcnq5,3
SN (Drd1+/Sema3c-),Kcnq5,0
SN (Drd1+/Sema3c-),Kcnq5,12
SN (Drd1+/Sema3c-),Kcnq5,15
SN (Drd1+/Sema3c-),Kcnq5,0
SN (Drd1+/Sema3c-),Kcnq5,9
SN (Drd1+/Sema3c-),Kcnq5,0
SN (Drd1+/Sema3c-),Kcnq5,0
SN (Drd1+/Sema3c-),Kcnq5,0
SN (Drd1+/Sema3c-),Kcnq5,15
SN (Drd1+/Sema3c-),Kcnq5,0
SN (Drd1+/Sema3c-),Kcnq5,0
SN (Drd1+/Sema3c-),Kcnq5,0
SN (Drd1+/Sema3c-),Kcnq5,0
SN (Drd1+/Sema3c-),Kcnq5,0
SN (Drd1+/Sema3c-),Kcnq5,0
SN (Drd1+/Sema3c-),Kcnq5,0
SN (Drd1+/Sema3c-),Kcnq5,0
SN (Drd1+/Sema3c-),Kcnq5,0
SN (Drd1+/Sema3c-),Kcnq5,6
SN (Drd1+/Sema3c-),Kcnq5,0
SN (Drd1+/Sema3c-),Kcnq5,0
SN (Drd1+/Sema3c-),Kcnq5,15
SN (Drd1+/Sema3c-),Kcnq5,0
SN (Drd1+/Sema3c-),Kcnq5,0
SN (Drd1+/Sema3c-),Kcnq5,0
SN (Drd1+/Sema3c-),Kcnq5,0
SN (Drd1+/Sema3c-),Kcnq5,0
SN (Drd1+/Sema3c-),Kcnq5,22
SN (Drd1+/Sema3c-),Kcnq5,1
SN (Drd1+/Sema3c-),Kcnq5,0
SN (Drd1+/Sema3c-),Kcnq5,0
SN (Drd1+/Sema3c-),Kcnq5,9
SN (Drd1+/Sema3c-),Kcnq5,0
SN (Drd1+/Sema3c-),Kcnq5,0
SN (Drd1+/Sema3c-),Kcnq5,37
SN (Drd1+/Sema3c-),Kcnq5,29
SN (Drd1+/Sema3c-),Kcnq5,11
SN (Drd1+/Sema3c-),Kcnq5,15
SN (Drd1+/Sema3c-),Kcnq5,0
SN (Drd1+/Sema3c-),Kcnq5,0
SN (Drd1+/Sema3c-),Kcnq5,0
SN (Drd1+/Sema3c-),Kcnq5,0
SN (Drd1+/Sema3c-),Kcnq5,0
SN (Drd1+/Sema3c-),Kcnq5,0
SN (Drd1+/Sema3c-),Kcnq5,0
SN (Drd1+/Sema3c-),Kcnq5,31
SN (Drd1+/Sema3c-),Kcnq5,35
SN (Drd1+/Sema3c-),Kcnq5,19
SN (Drd1+/Sema3c-),Kcnq5,0
SN (Drd1+/Sema3c-),Kcnq5,0
SN (Drd1+/Sema3c-),Kcnq5,15
SN (Drd1+/Sema3c-),Kcnq5,0
SN (Drd1+/Sema3c-),Kcnq5,0
SN (Drd1+/Sema3c-),Kcnq5,1
SN (Drd1+/Sema3c-),Kcnq5,0
SN (Drd1+/Sema3c-),Kcnq5,1
SN (Drd1+/Sema3c-),Kcnq5,16
SN (Drd1+/Sema3c-),Kcnq5,11
SN (Drd1+/Sema3c-),Kcnq5,0
SN (Drd1+/Sema3c-),Kcnq5,1
SN (Drd1+/Sema3c-),Kcnq5,0
BNST (Dlk1+),Kcnq2,10
BNST (Dlk1+),Kcnq2,40
BNST (Dlk1+),Kcnq2,13
BNST (Dlk1+),Kcnq2,53
BNST (Dlk1+),Kcnq2,1
BNST (Dlk1+),Kcnq2,16
BNST (Dlk1+),Kcnq2,23
BNST (Dlk1+),Kcnq2,0
BNST (Dlk1+),Kcnq2,1
BNST (Dlk1+),Kcnq2,45
BNST (Dlk1+),Kcnq2,0
BNST (Dlk1+),Kcnq2,0
BNST (Dlk1+),Kcnq2,1
BNST (Dlk1+),Kcnq2,22
BNST (Dlk1+),Kcnq2,0
BNST (Dlk1+),Kcnq2,0
BNST (Dlk1+),Kcnq2,1
BNST (Dlk1+),Kcnq2,0
BNST (Dlk1+),Kcnq2,29
BNST (Dlk1+),Kcnq2,1
BNST (Dlk1+),Kcnq2,5
BNST (Dlk1+),Kcnq2,27
BNST (Dlk1+),Kcnq2,0
BNST (Dlk1+),Kcnq2,0
BNST (Dlk1+),Kcnq2,14
BNST (Dlk1+),Kcnq2,0
BNST (Dlk1+),Kcnq2,20
BNST (Dlk1+),Kcnq2,0
BNST (Dlk1+),Kcnq2,184
BNST (Dlk1+),Kcnq2,16
BNST (Dlk1+),Kcnq2,27
BNST (Dlk1+),Kcnq2,25
BNST (Dlk1+),Kcnq2,0
BNST (Dlk1+),Kcnq2,15
BNST (Dlk1+),Kcnq2,9
BNST (Dlk1+),Kcnq2,4
BNST (Dlk1+),Kcnq2,24
BNST (Dlk1+),Kcnq2,5
BNST (Dlk1+),Kcnq2,17
BNST (Dlk1+),Kcnq2,0
BNST (Dlk1+),Kcnq2,16
BNST (Dlk1+),Kcnq2,0
BNST (Dlk1+),Kcnq2,10
BNST (Dlk1+),Kcnq2,6
BNST (Dlk1+),Kcnq2,16
BNST (Dlk1+),Kcnq2,0
BNST (Dlk1+),Kcnq2,35
BNST (Dlk1+),Kcnq2,2
BNST (Dlk1+),Kcnq2,6
BNST (Dlk1+),Kcnq2,6
BNST (Dlk1+),Kcnq2,11
BNST (Dlk1+),Kcnq2,0
BNST (Dlk1+),Kcnq2,3
BNST (Dlk1+),Kcnq2,15
BNST (Dlk1+),Kcnq2,30
BNST (Dlk1+),Kcnq2,39
BNST (Dlk1+),Kcnq2,5
BNST (Dlk1+),Kcnq2,0
BNST (Dlk1+),Kcnq2,12
BNST (Dlk1+),Kcnq2,0
BNST (Dlk1+),Kcnq2,0
BNST (Dlk1+),Kcnq2,3
BNST (Dlk1+),Kcnq2,13
BNST (Dlk1+),Kcnq2,1
BNST (Dlk1+),Kcnq2,0
BNST (Dlk1+),Kcnq2,1
BNST (Dlk1+),Kcnq2,4
BNST (Dlk1+),Kcnq2,29
BNST (Dlk1+),Kcnq2,0
BNST (Dlk1+),Kcnq2,35
BNST (Dlk1+),Kcnq2,10
BNST (Dlk1+),Kcnq2,19
BNST (Dlk1+),Kcnq2,0
BNST (Dlk1+),Kcnq2,13
BNST (Dlk1+),Kcnq2,11
BNST (Dlk1+),Kcnq2,21
BNST (Dlk1+),Kcnq2,6
BNST (Dlk1+),Kcnq2,6
BNST (Dlk1+),Kcnq2,0
BNST (Dlk1+),Kcnq2,20
BNST (Dlk1+),Kcnq2,10
BNST (Dlk1+),Kcnq2,13
BNST (Dlk1+),Kcnq2,7
BNST (Dlk1+),Kcnq2,2
BNST (Dlk1+),Kcnq2,0
BNST (Dlk1+),Kcnq2,16
BNST (Dlk1+),Kcnq2,1
BNST (Dlk1+),Kcnq2,10
BNST (Dlk1+),Kcnq2,7
BNST (Dlk1+),Kcnq2,7
BNST (Dlk1+),Kcnq2,4
BNST (Dlk1+),Kcnq2,1
BNST (Dlk1+),Kcnq2,0
BNST (Dlk1+),Kcnq2,3
BNST (Dlk1+),Kcnq2,0
BNST (Dlk1+),Kcnq2,26
BNST (Dlk1+),Kcnq2,27
BNST (Dlk1+),Kcnq2,22
BNST (Dlk1+),Kcnq2,10
BNST (Dlk1+),Kcnq2,56
BNST (Dlk1+),Kcnq2,44
BNST (Dlk1+),Kcnq2,14
BNST (Dlk1+),Kcnq2,48
BNST (Dlk1+),Kcnq2,120
BNST (Dlk1+),Kcnq2,8
BNST (Dlk1+),Kcnq2,19
BNST (Dlk1+),Kcnq2,30
BNST (Dlk1+),Kcnq2,0
BNST (Dlk1+),Kcnq2,19
BNST (Dlk1+),Kcnq2,13
BNST (Dlk1+),Kcnq2,0
BNST (Dlk1+),Kcnq2,18
BNST (Dlk1+),Kcnq2,17
BNST (Dlk1+),Kcnq2,0
BNST (Dlk1+),Kcnq2,12
BNST (Dlk1+),Kcnq2,0
BNST (Dlk1+),Kcnq2,18
BNST (Dlk1+),Kcnq2,19
BNST (Dlk1+),Kcnq2,22
BNST (Dlk1+),Kcnq2,19
BNST (Dlk1+),Kcnq2,3
BNST (Dlk1+),Kcnq2,37
BNST (Dlk1+),Kcnq2,1
BNST (Dlk1+),Kcnq2,17
BNST (Dlk1+),Kcnq2,0
BNST (Dlk1+),Kcnq2,9
BNST (Dlk1+),Kcnq2,0
BNST (Dlk1+),Kcnq2,34
BNST (Dlk1+),Kcnq2,5
BNST (Dlk1+),Kcnq2,38
BNST (Dlk1+),Kcnq2,16
BNST (Dlk1+),Kcnq2,7
BNST (Dlk1+),Kcnq2,17
BNST (Dlk1+),Kcnq2,18
BNST (Dlk1+),Kcnq2,1
BNST (Dlk1+),Kcnq2,12
BNST (Dlk1+),Kcnq2,20
BNST (Dlk1+),Kcnq2,6
BNST (Dlk1+),Kcnq2,0
BNST (Dlk1+),Kcnq2,8
BNST (Dlk1+),Kcnq2,10
BNST (Dlk1+),Kcnq2,36
BNST (Dlk1+),Kcnq2,0
BNST (Dlk1+),Kcnq2,0
BNST (Dlk1+),Kcnq2,4
BNST (Dlk1+),Kcnq2,8
BNST (Dlk1+),Kcnq2,26
BNST (Dlk1+),Kcnq2,30
BNST (Dlk1+),Kcnq2,23
BNST (Dlk1+),Kcnq2,35
BNST (Dlk1+),Kcnq2,17
BNST (Dlk1+),Kcnq2,5
BNST (Dlk1+),Kcnq2,63
BNST (Dlk1+),Kcnq2,1
BNST (Dlk1+),Kcnq2,44
BNST (Dlk1+),Kcnq2,5
BNST (Dlk1+),Kcnq2,8
BNST (Dlk1+),Kcnq2,20
BNST (Dlk1+),Kcnq2,13
BNST (Dlk1+),Kcnq2,0
BNST (Dlk1+),Kcnq2,6
BNST (Dlk1+),Kcnq2,3
BNST (Dlk1+),Kcnq2,40
BNST (Dlk1+),Kcnq2,8
BNST (Dlk1+),Kcnq2,16
BNST (Dlk1+),Kcnq2,0
BNST (Dlk1+),Kcnq2,0
BNST (Dlk1+),Kcnq2,5
BNST (Dlk1+),Kcnq2,13
BNST (Dlk1+),Kcnq2,6
BNST (Dlk1+),Kcnq2,39
BNST (Dlk1+),Kcnq2,34
BNST (Dlk1+),Kcnq2,0
BNST (Dlk1+),Kcnq2,68
BNST (Dlk1+),Kcnq2,18
BNST (Dlk1+),Kcnq2,0
BNST (Dlk1+),Kcnq2,29
BNST (Dlk1+),Kcnq2,1
BNST (Dlk1+),Kcnq2,0
BNST (Dlk1+),Kcnq2,35
BNST (Dlk1+),Kcnq2,0
BNST (Dlk1+),Kcnq2,24
BNST (Dlk1+),Kcnq2,55
BNST (Dlk1+),Kcnq2,17
BNST (Dlk1+),Kcnq2,11
BNST (Dlk1+),Kcnq2,24
BNST (Dlk1+),Kcnq2,16
BNST (Dlk1+),Kcnq2,0
BNST (Dlk1+),Kcnq2,0
BNST (Dlk1+),Kcnq2,4
BNST (Dlk1+),Kcnq2,0
BNST (Dlk1+),Kcnq2,21
BNST (Dlk1+),Kcnq2,14
BNST (Dlk1+),Kcnq2,12
BNST (Dlk1+),Kcnq2,0
BNST (Dlk1+),Kcnq2,11
BNST (Dlk1+),Kcnq2,30
BNST (Dlk1+),Kcnq2,10
BNST (Dlk1+),Kcnq2,0
BNST (Dlk1+),Kcnq2,0
BNST (Dlk1+),Kcnq2,1
BNST (Dlk1+),Kcnq2,3
BNST (Dlk1+),Kcnq2,1
BNST (Dlk1+),Kcnq2,1
BNST (Dlk1+),Kcnq2,0
BNST (Dlk1+),Kcnq2,5
BNST (Dlk1+),Kcnq2,0
BNST (Dlk1+),Kcnq2,5
BNST (Dlk1+),Kcnq2,10
BNST (Dlk1+),Kcnq2,10
BNST (Dlk1+),Kcnq2,2
BNST (Dlk1+),Kcnq2,5
BNST (Dlk1+),Kcnq2,0
BNST (Dlk1+),Kcnq2,0
BNST (Dlk1+),Kcnq2,0
BNST (Dlk1+),Kcnq2,1
BNST (Dlk1+),Kcnq2,9
BNST (Dlk1+),Kcnq2,2
BNST (Dlk1+),Kcnq2,13
BNST (Dlk1+),Kcnq2,1
BNST (Dlk1+),Kcnq2,0
BNST (Dlk1+),Kcnq2,2
BNST (Dlk1+),Kcnq2,7
BNST (Dlk1+),Kcnq2,0
BNST (Dlk1+),Kcnq2,15
BNST (Dlk1+),Kcnq2,8
BNST (Dlk1+),Kcnq2,12
BNST (Dlk1+),Kcnq2,4
BNST (Dlk1+),Kcnq2,3
BNST (Dlk1+),Kcnq2,4
BNST (Dlk1+),Kcnq2,16
BNST (Dlk1+),Kcnq2,17
BNST (Dlk1+),Kcnq2,7
BNST (Dlk1+),Kcnq2,12
BNST (Dlk1+),Kcnq2,0
BNST (Dlk1+),Kcnq2,0
BNST (Dlk1+),Kcnq2,9
BNST (Dlk1+),Kcnq2,18
BNST (Dlk1+),Kcnq2,33
BNST (Dlk1+),Kcnq2,7
BNST (Dlk1+),Kcnq2,8
BNST (Dlk1+),Kcnq2,46
BNST (Dlk1+),Kcnq2,15
BNST (Dlk1+),Kcnq2,27
BNST (Dlk1+),Kcnq2,35
BNST (Dlk1+),Kcnq2,1
BNST (Dlk1+),Kcnq2,11
BNST (Dlk1+),Kcnq2,5
BNST (Dlk1+),Kcnq2,10
BNST (Dlk1+),Kcnq2,0
BNST (Dlk1+),Kcnq2,9
BNST (Dlk1+),Kcnq2,34
BNST (Dlk1+),Kcnq2,13
BNST (Dlk1+),Kcnq2,3
BNST (Dlk1+),Kcnq2,10
BNST (Dlk1+),Kcnq2,0
BNST (Dlk1+),Kcnq2,9
BNST (Dlk1+),Kcnq2,2
BNST (Dlk1+),Kcnq2,24
BNST (Dlk1+),Kcnq2,1
BNST (Dlk1+),Kcnq2,29
BNST (Dlk1+),Kcnq2,0
BNST (Dlk1+),Kcnq2,0
BNST (Dlk1+),Kcnq2,0
BNST (Dlk1+),Kcnq2,0
BNST (Dlk1+),Kcnq2,5
BNST (Dlk1+),Kcnq2,0
BNST (Dlk1+),Kcnq2,0
BNST (Dlk1+),Kcnq2,19
BNST (Dlk1+),Kcnq2,16
BNST (Dlk1+),Kcnq2,1
BNST (Dlk1+),Kcnq2,50
BNST (Dlk1+),Kcnq2,0
BNST (Dlk1+),Kcnq2,13
BNST (Dlk1+),Kcnq2,2
BNST (Dlk1+),Kcnq2,18
BNST (Dlk1+),Kcnq2,27
BNST (Dlk1+),Kcnq2,51
BNST (Dlk1+),Kcnq2,54
BNST (Dlk1+),Kcnq2,25
BNST (Dlk1+),Kcnq2,9
BNST (Dlk1+),Kcnq2,0
BNST (Dlk1+),Kcnq2,20
BNST (Dlk1+),Kcnq2,7
BNST (Dlk1+),Kcnq2,1
BNST (Dlk1+),Kcnq2,15
BNST (Dlk1+),Kcnq2,11
BNST (Dlk1+),Kcnq2,18
BNST (Dlk1+),Kcnq2,14
BNST (Dlk1+),Kcnq2,0
BNST (Dlk1+),Kcnq2,14
BNST (Dlk1+),Kcnq2,23
BNST (Dlk1+),Kcnq2,9
BNST (Dlk1+),Kcnq2,38
BNST (Dlk1+),Kcnq2,9
BNST (Dlk1+),Kcnq2,40
BNST (Dlk1+),Kcnq2,3
BNST (Dlk1+),Kcnq2,23
BNST (Dlk1+),Kcnq2,5
BNST (Dlk1+),Kcnq2,9
BNST (Dlk1+),Kcnq2,13
BNST (Dlk1+),Kcnq2,13
BNST (Dlk1+),Kcnq2,14
BNST (Dlk1+),Kcnq2,7
BNST (Dlk1+),Kcnq2,52
BNST (Dlk1+),Kcnq2,5
BNST (Dlk1+),Kcnq2,25
BNST (Dlk1+),Kcnq2,16
BNST (Dlk1+),Kcnq2,5
BNST (Dlk1+),Kcnq2,3
BNST (Dlk1+),Kcnq2,5
BNST (Dlk1+),Kcnq2,11
BNST (Dlk1+),Kcnq2,0
BNST (Dlk1+),Kcnq2,4
BNST (Dlk1+),Kcnq2,3
BNST (Dlk1+),Kcnq2,5
BNST (Dlk1+),Kcnq2,5
BNST (Dlk1+),Kcnq2,19
BNST (Dlk1+),Kcnq2,0
BNST (Dlk1+),Kcnq2,5
BNST (Dlk1+),Kcnq2,9
BNST (Dlk1+),Kcnq2,5
BNST (Dlk1+),Kcnq2,3
BNST (Dlk1+),Kcnq2,1
BNST (Dlk1+),Kcnq2,1
BNST (Dlk1+),Kcnq2,33
BNST (Dlk1+),Kcnq2,2
BNST (Dlk1+),Kcnq2,13
BNST (Dlk1+),Kcnq2,23
BNST (Dlk1+),Kcnq2,9
BNST (Dlk1+),Kcnq2,29
BNST (Dlk1+),Kcnq2,3
BNST (Dlk1+),Kcnq2,4
BNST (Dlk1+),Kcnq2,14
BNST (Dlk1+),Kcnq2,0
BNST (Dlk1+),Kcnq2,0
BNST (Dlk1+),Kcnq2,57
BNST (Dlk1+),Kcnq2,17
BNST (Dlk1+),Kcnq2,10
BNST (Dlk1+),Kcnq2,6
BNST (Dlk1+),Kcnq2,1
BNST (Dlk1+),Kcnq2,38
BNST (Dlk1+),Kcnq2,54
BNST (Dlk1+),Kcnq2,43
BNST (Dlk1+),Kcnq2,0
BNST (Dlk1+),Kcnq2,1
BNST (Dlk1+),Kcnq2,10
BNST (Dlk1+),Kcnq2,19
BNST (Dlk1+),Kcnq2,0
BNST (Dlk1+),Kcnq2,52
BNST (Dlk1+),Kcnq2,1
BNST (Dlk1+),Kcnq2,29
BNST (Dlk1+),Kcnq2,10
BNST (Dlk1+),Kcnq2,16
BNST (Dlk1+),Kcnq2,12
BNST (Dlk1+),Kcnq2,16
BNST (Dlk1+),Kcnq2,12
BNST (Dlk1+),Kcnq2,18
BNST (Dlk1+),Kcnq2,1
BNST (Dlk1+),Kcnq2,12
BNST (Dlk1+),Kcnq2,16
BNST (Dlk1+),Kcnq2,8
BNST (Dlk1+),Kcnq2,22
BNST (Dlk1+),Kcnq2,0
BNST (Dlk1+),Kcnq2,13
BNST (Dlk1+),Kcnq2,12
BNST (Dlk1+),Kcnq2,0
BNST (Dlk1+),Kcnq2,22
BNST (Dlk1+),Kcnq2,10
BNST (Dlk1+),Kcnq2,48
BNST (Dlk1+),Kcnq2,7
BNST (Dlk1+),Kcnq2,21
BNST (Dlk1+),Kcnq2,0
BNST (Dlk1+),Kcnq2,11
BNST (Dlk1+),Kcnq2,58
BNST (Dlk1+),Kcnq2,2
BNST (Dlk1+),Kcnq2,69
BNST (Dlk1+),Kcnq2,17
BNST (Dlk1+),Kcnq2,16
BNST (Dlk1+),Kcnq2,24
BNST (Dlk1+),Kcnq2,1
BNST (Dlk1+),Kcnq2,45
BNST (Dlk1+),Kcnq2,11
BNST (Dlk1+),Kcnq2,6
BNST (Dlk1+),Kcnq2,1
BNST (Dlk1+),Kcnq2,17
BNST (Dlk1+),Kcnq2,3
BNST (Dlk1+),Kcnq2,0
BNST (Dlk1+),Kcnq2,1
BNST (Dlk1+),Kcnq2,2
BNST (Dlk1+),Kcnq2,1
BNST (Dlk1+),Kcnq2,0
BNST (Dlk1+),Kcnq2,29
BNST (Dlk1+),Kcnq2,0
BNST (Dlk1+),Kcnq2,23
BNST (Dlk1+),Kcnq2,20
BNST (Dlk1+),Kcnq2,2
BNST (Dlk1+),Kcnq2,0
BNST (Dlk1+),Kcnq2,7
BNST (Dlk1+),Kcnq2,21
BNST (Dlk1+),Kcnq2,1
BNST (Dlk1+),Kcnq2,5
BNST (Dlk1+),Kcnq2,1
BNST (Dlk1+),Kcnq2,41
BNST (Dlk1+),Kcnq2,16
BNST (Dlk1+),Kcnq2,5
BNST (Dlk1+),Kcnq2,6
BNST (Dlk1+),Kcnq2,1
BNST (Dlk1+),Kcnq2,17
BNST (Dlk1+),Kcnq2,6
BNST (Dlk1+),Kcnq2,23
BNST (Dlk1+),Kcnq2,5
BNST (Dlk1+),Kcnq2,14
BNST (Dlk1+),Kcnq2,31
BNST (Dlk1+),Kcnq2,6
BNST (Dlk1+),Kcnq2,8
BNST (Dlk1+),Kcnq2,15
BNST (Dlk1+),Kcnq2,36
BNST (Dlk1+),Kcnq2,31
BNST (Dlk1+),Kcnq2,11
BNST (Dlk1+),Kcnq2,5
BNST (Dlk1+),Kcnq2,61
BNST (Dlk1+),Kcnq2,27
BNST (Dlk1+),Kcnq2,18
BNST (Dlk1+),Kcnq2,32
BNST (Dlk1+),Kcnq2,52
BNST (Dlk1+),Kcnq2,4
BNST (Dlk1+),Kcnq2,21
BNST (Dlk1+),Kcnq2,0
BNST (Dlk1+),Kcnq2,1
BNST (Dlk1+),Kcnq2,0
BNST (Dlk1+),Kcnq2,10
BNST (Dlk1+),Kcnq2,21
BNST (Dlk1+),Kcnq2,0
BNST (Dlk1+),Kcnq2,20
BNST (Dlk1+),Kcnq2,1
BNST (Dlk1+),Kcnq2,4
BNST (Dlk1+),Kcnq2,0
BNST (Dlk1+),Kcnq2,4
BNST (Dlk1+),Kcnq2,0
BNST (Dlk1+),Kcnq2,0
BNST (Dlk1+),Kcnq2,4
BNST (Dlk1+),Kcnq2,0
BNST (Dlk1+),Kcnq2,10
BNST (Dlk1+),Kcnq2,8
BNST (Dlk1+),Kcnq2,17
BNST (Dlk1+),Kcnq2,16
BNST (Dlk1+),Kcnq2,25
BNST (Dlk1+),Kcnq2,73
BNST (Dlk1+),Kcnq2,9
BNST (Dlk1+),Kcnq2,0
BNST (Dlk1+),Kcnq2,8
BNST (Dlk1+),Kcnq2,16
BNST (Dlk1+),Kcnq2,35
BNST (Dlk1+),Kcnq2,0
BNST (Dlk1+),Kcnq2,25
BNST (Dlk1+),Kcnq2,13
BNST (Dlk1+),Kcnq2,41
BNST (Dlk1+),Kcnq2,24
BNST (Dlk1+),Kcnq2,30
BNST (Dlk1+),Kcnq2,0
BNST (Dlk1+),Kcnq2,5
BNST (Dlk1+),Kcnq2,0
BNST (Dlk1+),Kcnq2,4
BNST (Dlk1+),Kcnq2,0
BNST (Dlk1+),Kcnq2,17
BNST (Dlk1+),Kcnq2,28
BNST (Dlk1+),Kcnq2,35
BNST (Dlk1+),Kcnq2,4
BNST (Dlk1+),Kcnq2,0
BNST (Dlk1+),Kcnq2,16
BNST (Dlk1+),Kcnq2,0
BNST (Dlk1+),Kcnq2,12
BNST (Dlk1+),Kcnq2,16
BNST (Dlk1+),Kcnq2,6
BNST (Dlk1+),Kcnq2,0
BNST (Dlk1+),Kcnq3,0
BNST (Dlk1+),Kcnq3,30
BNST (Dlk1+),Kcnq3,19
BNST (Dlk1+),Kcnq3,0
BNST (Dlk1+),Kcnq3,1
BNST (Dlk1+),Kcnq3,0
BNST (Dlk1+),Kcnq3,8
BNST (Dlk1+),Kcnq3,0
BNST (Dlk1+),Kcnq3,0
BNST (Dlk1+),Kcnq3,1
BNST (Dlk1+),Kcnq3,0
BNST (Dlk1+),Kcnq3,0
BNST (Dlk1+),Kcnq3,0
BNST (Dlk1+),Kcnq3,1
BNST (Dlk1+),Kcnq3,0
BNST (Dlk1+),Kcnq3,1
BNST (Dlk1+),Kcnq3,0
BNST (Dlk1+),Kcnq3,0
BNST (Dlk1+),Kcnq3,0
BNST (Dlk1+),Kcnq3,0
BNST (Dlk1+),Kcnq3,0
BNST (Dlk1+),Kcnq3,8
BNST (Dlk1+),Kcnq3,0
BNST (Dlk1+),Kcnq3,11
BNST (Dlk1+),Kcnq3,1
BNST (Dlk1+),Kcnq3,0
BNST (Dlk1+),Kcnq3,0
BNST (Dlk1+),Kcnq3,0
BNST (Dlk1+),Kcnq3,7
BNST (Dlk1+),Kcnq3,0
BNST (Dlk1+),Kcnq3,0
BNST (Dlk1+),Kcnq3,0
BNST (Dlk1+),Kcnq3,1
BNST (Dlk1+),Kcnq3,1
BNST (Dlk1+),Kcnq3,0
BNST (Dlk1+),Kcnq3,0
BNST (Dlk1+),Kcnq3,0
BNST (Dlk1+),Kcnq3,0
BNST (Dlk1+),Kcnq3,23
BNST (Dlk1+),Kcnq3,0
BNST (Dlk1+),Kcnq3,1
BNST (Dlk1+),Kcnq3,2
BNST (Dlk1+),Kcnq3,0
BNST (Dlk1+),Kcnq3,0
BNST (Dlk1+),Kcnq3,18
BNST (Dlk1+),Kcnq3,0
BNST (Dlk1+),Kcnq3,0
BNST (Dlk1+),Kcnq3,0
BNST (Dlk1+),Kcnq3,2
BNST (Dlk1+),Kcnq3,3
BNST (Dlk1+),Kcnq3,0
BNST (Dlk1+),Kcnq3,0
BNST (Dlk1+),Kcnq3,0
BNST (Dlk1+),Kcnq3,0
BNST (Dlk1+),Kcnq3,0
BNST (Dlk1+),Kcnq3,8
BNST (Dlk1+),Kcnq3,0
BNST (Dlk1+),Kcnq3,39
BNST (Dlk1+),Kcnq3,9
BNST (Dlk1+),Kcnq3,0
BNST (Dlk1+),Kcnq3,0
BNST (Dlk1+),Kcnq3,4
BNST (Dlk1+),Kcnq3,1
BNST (Dlk1+),Kcnq3,0
BNST (Dlk1+),Kcnq3,1
BNST (Dlk1+),Kcnq3,0
BNST (Dlk1+),Kcnq3,1
BNST (Dlk1+),Kcnq3,1
BNST (Dlk1+),Kcnq3,0
BNST (Dlk1+),Kcnq3,26
BNST (Dlk1+),Kcnq3,6
BNST (Dlk1+),Kcnq3,0
BNST (Dlk1+),Kcnq3,0
BNST (Dlk1+),Kcnq3,0
BNST (Dlk1+),Kcnq3,0
BNST (Dlk1+),Kcnq3,37
BNST (Dlk1+),Kcnq3,0
BNST (Dlk1+),Kcnq3,0
BNST (Dlk1+),Kcnq3,0
BNST (Dlk1+),Kcnq3,12
BNST (Dlk1+),Kcnq3,0
BNST (Dlk1+),Kcnq3,0
BNST (Dlk1+),Kcnq3,0
BNST (Dlk1+),Kcnq3,0
BNST (Dlk1+),Kcnq3,2
BNST (Dlk1+),Kcnq3,9
BNST (Dlk1+),Kcnq3,1
BNST (Dlk1+),Kcnq3,0
BNST (Dlk1+),Kcnq3,0
BNST (Dlk1+),Kcnq3,0
BNST (Dlk1+),Kcnq3,0
BNST (Dlk1+),Kcnq3,10
BNST (Dlk1+),Kcnq3,16
BNST (Dlk1+),Kcnq3,9
BNST (Dlk1+),Kcnq3,16
BNST (Dlk1+),Kcnq3,0
BNST (Dlk1+),Kcnq3,1
BNST (Dlk1+),Kcnq3,0
BNST (Dlk1+),Kcnq3,0
BNST (Dlk1+),Kcnq3,15
BNST (Dlk1+),Kcnq3,0
BNST (Dlk1+),Kcnq3,5
BNST (Dlk1+),Kcnq3,0
BNST (Dlk1+),Kcnq3,77
BNST (Dlk1+),Kcnq3,0
BNST (Dlk1+),Kcnq3,0
BNST (Dlk1+),Kcnq3,15
BNST (Dlk1+),Kcnq3,0
BNST (Dlk1+),Kcnq3,0
BNST (Dlk1+),Kcnq3,0
BNST (Dlk1+),Kcnq3,0
BNST (Dlk1+),Kcnq3,7
BNST (Dlk1+),Kcnq3,0
BNST (Dlk1+),Kcnq3,0
BNST (Dlk1+),Kcnq3,0
BNST (Dlk1+),Kcnq3,0
BNST (Dlk1+),Kcnq3,30
BNST (Dlk1+),Kcnq3,0
BNST (Dlk1+),Kcnq3,40
BNST (Dlk1+),Kcnq3,14
BNST (Dlk1+),Kcnq3,0
BNST (Dlk1+),Kcnq3,0
BNST (Dlk1+),Kcnq3,0
BNST (Dlk1+),Kcnq3,0
BNST (Dlk1+),Kcnq3,0
BNST (Dlk1+),Kcnq3,0
BNST (Dlk1+),Kcnq3,0
BNST (Dlk1+),Kcnq3,1
BNST (Dlk1+),Kcnq3,0
BNST (Dlk1+),Kcnq3,10
BNST (Dlk1+),Kcnq3,0
BNST (Dlk1+),Kcnq3,0
BNST (Dlk1+),Kcnq3,0
BNST (Dlk1+),Kcnq3,0
BNST (Dlk1+),Kcnq3,0
BNST (Dlk1+),Kcnq3,0
BNST (Dlk1+),Kcnq3,0
BNST (Dlk1+),Kcnq3,0
BNST (Dlk1+),Kcnq3,0
BNST (Dlk1+),Kcnq3,1
BNST (Dlk1+),Kcnq3,6
BNST (Dlk1+),Kcnq3,14
BNST (Dlk1+),Kcnq3,10
BNST (Dlk1+),Kcnq3,6
BNST (Dlk1+),Kcnq3,0
BNST (Dlk1+),Kcnq3,0
BNST (Dlk1+),Kcnq3,4
BNST (Dlk1+),Kcnq3,1
BNST (Dlk1+),Kcnq3,17
BNST (Dlk1+),Kcnq3,0
BNST (Dlk1+),Kcnq3,1
BNST (Dlk1+),Kcnq3,0
BNST (Dlk1+),Kcnq3,0
BNST (Dlk1+),Kcnq3,0
BNST (Dlk1+),Kcnq3,0
BNST (Dlk1+),Kcnq3,0
BNST (Dlk1+),Kcnq3,0
BNST (Dlk1+),Kcnq3,0
BNST (Dlk1+),Kcnq3,17
BNST (Dlk1+),Kcnq3,0
BNST (Dlk1+),Kcnq3,1
BNST (Dlk1+),Kcnq3,12
BNST (Dlk1+),Kcnq3,0
BNST (Dlk1+),Kcnq3,0
BNST (Dlk1+),Kcnq3,0
BNST (Dlk1+),Kcnq3,2
BNST (Dlk1+),Kcnq3,13
BNST (Dlk1+),Kcnq3,0
BNST (Dlk1+),Kcnq3,24
BNST (Dlk1+),Kcnq3,0
BNST (Dlk1+),Kcnq3,47
BNST (Dlk1+),Kcnq3,1
BNST (Dlk1+),Kcnq3,0
BNST (Dlk1+),Kcnq3,0
BNST (Dlk1+),Kcnq3,0
BNST (Dlk1+),Kcnq3,3
BNST (Dlk1+),Kcnq3,21
BNST (Dlk1+),Kcnq3,3
BNST (Dlk1+),Kcnq3,4
BNST (Dlk1+),Kcnq3,60
BNST (Dlk1+),Kcnq3,4
BNST (Dlk1+),Kcnq3,2
BNST (Dlk1+),Kcnq3,0
BNST (Dlk1+),Kcnq3,5
BNST (Dlk1+),Kcnq3,1
BNST (Dlk1+),Kcnq3,10
BNST (Dlk1+),Kcnq3,0
BNST (Dlk1+),Kcnq3,0
BNST (Dlk1+),Kcnq3,0
BNST (Dlk1+),Kcnq3,0
BNST (Dlk1+),Kcnq3,0
BNST (Dlk1+),Kcnq3,0
BNST (Dlk1+),Kcnq3,0
BNST (Dlk1+),Kcnq3,0
BNST (Dlk1+),Kcnq3,0
BNST (Dlk1+),Kcnq3,0
BNST (Dlk1+),Kcnq3,1
BNST (Dlk1+),Kcnq3,0
BNST (Dlk1+),Kcnq3,3
BNST (Dlk1+),Kcnq3,0
BNST (Dlk1+),Kcnq3,0
BNST (Dlk1+),Kcnq3,0
BNST (Dlk1+),Kcnq3,0
BNST (Dlk1+),Kcnq3,5
BNST (Dlk1+),Kcnq3,0
BNST (Dlk1+),Kcnq3,3
BNST (Dlk1+),Kcnq3,0
BNST (Dlk1+),Kcnq3,0
BNST (Dlk1+),Kcnq3,1
BNST (Dlk1+),Kcnq3,5
BNST (Dlk1+),Kcnq3,0
BNST (Dlk1+),Kcnq3,0
BNST (Dlk1+),Kcnq3,6
BNST (Dlk1+),Kcnq3,0
BNST (Dlk1+),Kcnq3,0
BNST (Dlk1+),Kcnq3,0
BNST (Dlk1+),Kcnq3,0
BNST (Dlk1+),Kcnq3,0
BNST (Dlk1+),Kcnq3,0
BNST (Dlk1+),Kcnq3,0
BNST (Dlk1+),Kcnq3,0
BNST (Dlk1+),Kcnq3,0
BNST (Dlk1+),Kcnq3,0
BNST (Dlk1+),Kcnq3,1
BNST (Dlk1+),Kcnq3,0
BNST (Dlk1+),Kcnq3,14
BNST (Dlk1+),Kcnq3,0
BNST (Dlk1+),Kcnq3,0
BNST (Dlk1+),Kcnq3,1
BNST (Dlk1+),Kcnq3,1
BNST (Dlk1+),Kcnq3,3
BNST (Dlk1+),Kcnq3,0
BNST (Dlk1+),Kcnq3,2
BNST (Dlk1+),Kcnq3,32
BNST (Dlk1+),Kcnq3,0
BNST (Dlk1+),Kcnq3,0
BNST (Dlk1+),Kcnq3,4
BNST (Dlk1+),Kcnq3,0
BNST (Dlk1+),Kcnq3,0
BNST (Dlk1+),Kcnq3,0
BNST (Dlk1+),Kcnq3,0
BNST (Dlk1+),Kcnq3,0
BNST (Dlk1+),Kcnq3,3
BNST (Dlk1+),Kcnq3,0
BNST (Dlk1+),Kcnq3,0
BNST (Dlk1+),Kcnq3,0
BNST (Dlk1+),Kcnq3,0
BNST (Dlk1+),Kcnq3,0
BNST (Dlk1+),Kcnq3,0
BNST (Dlk1+),Kcnq3,0
BNST (Dlk1+),Kcnq3,0
BNST (Dlk1+),Kcnq3,0
BNST (Dlk1+),Kcnq3,0
BNST (Dlk1+),Kcnq3,0
BNST (Dlk1+),Kcnq3,0
BNST (Dlk1+),Kcnq3,0
BNST (Dlk1+),Kcnq3,0
BNST (Dlk1+),Kcnq3,0
BNST (Dlk1+),Kcnq3,0
BNST (Dlk1+),Kcnq3,9
BNST (Dlk1+),Kcnq3,2
BNST (Dlk1+),Kcnq3,19
BNST (Dlk1+),Kcnq3,7
BNST (Dlk1+),Kcnq3,26
BNST (Dlk1+),Kcnq3,0
BNST (Dlk1+),Kcnq3,2
BNST (Dlk1+),Kcnq3,0
BNST (Dlk1+),Kcnq3,0
BNST (Dlk1+),Kcnq3,16
BNST (Dlk1+),Kcnq3,5
BNST (Dlk1+),Kcnq3,0
BNST (Dlk1+),Kcnq3,0
BNST (Dlk1+),Kcnq3,2
BNST (Dlk1+),Kcnq3,1
BNST (Dlk1+),Kcnq3,1
BNST (Dlk1+),Kcnq3,13
BNST (Dlk1+),Kcnq3,0
BNST (Dlk1+),Kcnq3,1
BNST (Dlk1+),Kcnq3,18
BNST (Dlk1+),Kcnq3,0
BNST (Dlk1+),Kcnq3,0
BNST (Dlk1+),Kcnq3,0
BNST (Dlk1+),Kcnq3,18
BNST (Dlk1+),Kcnq3,0
BNST (Dlk1+),Kcnq3,0
BNST (Dlk1+),Kcnq3,1
BNST (Dlk1+),Kcnq3,4
BNST (Dlk1+),Kcnq3,0
BNST (Dlk1+),Kcnq3,3
BNST (Dlk1+),Kcnq3,0
BNST (Dlk1+),Kcnq3,0
BNST (Dlk1+),Kcnq3,1
BNST (Dlk1+),Kcnq3,0
BNST (Dlk1+),Kcnq3,10
BNST (Dlk1+),Kcnq3,13
BNST (Dlk1+),Kcnq3,1
BNST (Dlk1+),Kcnq3,0
BNST (Dlk1+),Kcnq3,0
BNST (Dlk1+),Kcnq3,0
BNST (Dlk1+),Kcnq3,0
BNST (Dlk1+),Kcnq3,15
BNST (Dlk1+),Kcnq3,0
BNST (Dlk1+),Kcnq3,12
BNST (Dlk1+),Kcnq3,7
BNST (Dlk1+),Kcnq3,3
BNST (Dlk1+),Kcnq3,1
BNST (Dlk1+),Kcnq3,14
BNST (Dlk1+),Kcnq3,0
BNST (Dlk1+),Kcnq3,13
BNST (Dlk1+),Kcnq3,0
BNST (Dlk1+),Kcnq3,0
BNST (Dlk1+),Kcnq3,0
BNST (Dlk1+),Kcnq3,3
BNST (Dlk1+),Kcnq3,0
BNST (Dlk1+),Kcnq3,1
BNST (Dlk1+),Kcnq3,7
BNST (Dlk1+),Kcnq3,6
BNST (Dlk1+),Kcnq3,0
BNST (Dlk1+),Kcnq3,0
BNST (Dlk1+),Kcnq3,9
BNST (Dlk1+),Kcnq3,5
BNST (Dlk1+),Kcnq3,0
BNST (Dlk1+),Kcnq3,1
BNST (Dlk1+),Kcnq3,0
BNST (Dlk1+),Kcnq3,0
BNST (Dlk1+),Kcnq3,38
BNST (Dlk1+),Kcnq3,0
BNST (Dlk1+),Kcnq3,1
BNST (Dlk1+),Kcnq3,0
BNST (Dlk1+),Kcnq3,0
BNST (Dlk1+),Kcnq3,0
BNST (Dlk1+),Kcnq3,0
BNST (Dlk1+),Kcnq3,0
BNST (Dlk1+),Kcnq3,1
BNST (Dlk1+),Kcnq3,0
BNST (Dlk1+),Kcnq3,6
BNST (Dlk1+),Kcnq3,4
BNST (Dlk1+),Kcnq3,0
BNST (Dlk1+),Kcnq3,0
BNST (Dlk1+),Kcnq3,0
BNST (Dlk1+),Kcnq3,0
BNST (Dlk1+),Kcnq3,0
BNST (Dlk1+),Kcnq3,21
BNST (Dlk1+),Kcnq3,9
BNST (Dlk1+),Kcnq3,0
BNST (Dlk1+),Kcnq3,24
BNST (Dlk1+),Kcnq3,0
BNST (Dlk1+),Kcnq3,27
BNST (Dlk1+),Kcnq3,8
BNST (Dlk1+),Kcnq3,0
BNST (Dlk1+),Kcnq3,0
BNST (Dlk1+),Kcnq3,0
BNST (Dlk1+),Kcnq3,7
BNST (Dlk1+),Kcnq3,0
BNST (Dlk1+),Kcnq3,0
BNST (Dlk1+),Kcnq3,2
BNST (Dlk1+),Kcnq3,0
BNST (Dlk1+),Kcnq3,0
BNST (Dlk1+),Kcnq3,0
BNST (Dlk1+),Kcnq3,4
BNST (Dlk1+),Kcnq3,8
BNST (Dlk1+),Kcnq3,0
BNST (Dlk1+),Kcnq3,0
BNST (Dlk1+),Kcnq3,1
BNST (Dlk1+),Kcnq3,0
BNST (Dlk1+),Kcnq3,0
BNST (Dlk1+),Kcnq3,0
BNST (Dlk1+),Kcnq3,0
BNST (Dlk1+),Kcnq3,0
BNST (Dlk1+),Kcnq3,0
BNST (Dlk1+),Kcnq3,0
BNST (Dlk1+),Kcnq3,16
BNST (Dlk1+),Kcnq3,0
BNST (Dlk1+),Kcnq3,0
BNST (Dlk1+),Kcnq3,0
BNST (Dlk1+),Kcnq3,0
BNST (Dlk1+),Kcnq3,1
BNST (Dlk1+),Kcnq3,0
BNST (Dlk1+),Kcnq3,0
BNST (Dlk1+),Kcnq3,1
BNST (Dlk1+),Kcnq3,20
BNST (Dlk1+),Kcnq3,0
BNST (Dlk1+),Kcnq3,0
BNST (Dlk1+),Kcnq3,2
BNST (Dlk1+),Kcnq3,16
BNST (Dlk1+),Kcnq3,0
BNST (Dlk1+),Kcnq3,0
BNST (Dlk1+),Kcnq3,0
BNST (Dlk1+),Kcnq3,0
BNST (Dlk1+),Kcnq3,0
BNST (Dlk1+),Kcnq3,0
BNST (Dlk1+),Kcnq3,0
BNST (Dlk1+),Kcnq3,0
BNST (Dlk1+),Kcnq3,0
BNST (Dlk1+),Kcnq3,0
BNST (Dlk1+),Kcnq3,0
BNST (Dlk1+),Kcnq3,27
BNST (Dlk1+),Kcnq3,0
BNST (Dlk1+),Kcnq3,0
BNST (Dlk1+),Kcnq3,0
BNST (Dlk1+),Kcnq3,0
BNST (Dlk1+),Kcnq3,0
BNST (Dlk1+),Kcnq3,2
BNST (Dlk1+),Kcnq3,3
BNST (Dlk1+),Kcnq3,0
BNST (Dlk1+),Kcnq3,11
BNST (Dlk1+),Kcnq3,0
BNST (Dlk1+),Kcnq3,3
BNST (Dlk1+),Kcnq3,0
BNST (Dlk1+),Kcnq3,2
BNST (Dlk1+),Kcnq3,3
BNST (Dlk1+),Kcnq3,0
BNST (Dlk1+),Kcnq3,6
BNST (Dlk1+),Kcnq3,2
BNST (Dlk1+),Kcnq3,0
BNST (Dlk1+),Kcnq3,0
BNST (Dlk1+),Kcnq3,2
BNST (Dlk1+),Kcnq3,1
BNST (Dlk1+),Kcnq3,6
BNST (Dlk1+),Kcnq3,16
BNST (Dlk1+),Kcnq3,0
BNST (Dlk1+),Kcnq3,14
BNST (Dlk1+),Kcnq3,5
BNST (Dlk1+),Kcnq3,1
BNST (Dlk1+),Kcnq3,1
BNST (Dlk1+),Kcnq3,0
BNST (Dlk1+),Kcnq3,19
BNST (Dlk1+),Kcnq3,0
BNST (Dlk1+),Kcnq3,0
BNST (Dlk1+),Kcnq3,0
BNST (Dlk1+),Kcnq3,0
BNST (Dlk1+),Kcnq3,19
BNST (Dlk1+),Kcnq3,0
BNST (Dlk1+),Kcnq3,0
BNST (Dlk1+),Kcnq3,6
BNST (Dlk1+),Kcnq3,0
BNST (Dlk1+),Kcnq3,1
BNST (Dlk1+),Kcnq3,0
BNST (Dlk1+),Kcnq3,0
BNST (Dlk1+),Kcnq3,1
BNST (Dlk1+),Kcnq3,0
BNST (Dlk1+),Kcnq3,0
BNST (Dlk1+),Kcnq3,0
BNST (Dlk1+),Kcnq3,0
BNST (Dlk1+),Kcnq3,13
BNST (Dlk1+),Kcnq3,1
BNST (Dlk1+),Kcnq3,11
BNST (Dlk1+),Kcnq3,9
BNST (Dlk1+),Kcnq3,0
BNST (Dlk1+),Kcnq3,1
BNST (Dlk1+),Kcnq3,0
BNST (Dlk1+),Kcnq3,5
BNST (Dlk1+),Kcnq3,0
BNST (Dlk1+),Kcnq3,0
BNST (Dlk1+),Kcnq3,0
BNST (Dlk1+),Kcnq3,1
BNST (Dlk1+),Kcnq3,9
BNST (Dlk1+),Kcnq3,0
BNST (Dlk1+),Kcnq3,14
BNST (Dlk1+),Kcnq3,0
BNST (Dlk1+),Kcnq3,0
BNST (Dlk1+),Kcnq3,1
BNST (Dlk1+),Kcnq3,0
BNST (Dlk1+),Kcnq3,0
BNST (Dlk1+),Kcnq3,0
BNST (Dlk1+),Kcnq3,0
BNST (Dlk1+),Kcnq3,11
BNST (Dlk1+),Kcnq3,0
BNST (Dlk1+),Kcnq3,0
BNST (Dlk1+),Kcnq3,0
BNST (Dlk1+),Kcnq3,0
BNST (Dlk1+),Kcnq3,0
BNST (Dlk1+),Kcnq3,0
BNST (Dlk1+),Kcnq3,0
BNST (Dlk1+),Kcnq3,10
BNST (Dlk1+),Kcnq3,0
BNST (Dlk1+),Kcnq5,0
BNST (Dlk1+),Kcnq5,0
BNST (Dlk1+),Kcnq5,0
BNST (Dlk1+),Kcnq5,0
BNST (Dlk1+),Kcnq5,0
BNST (Dlk1+),Kcnq5,13
BNST (Dlk1+),Kcnq5,0
BNST (Dlk1+),Kcnq5,0
BNST (Dlk1+),Kcnq5,0
BNST (Dlk1+),Kcnq5,2
BNST (Dlk1+),Kcnq5,0
BNST (Dlk1+),Kcnq5,23
BNST (Dlk1+),Kcnq5,13
BNST (Dlk1+),Kcnq5,0
BNST (Dlk1+),Kcnq5,0
BNST (Dlk1+),Kcnq5,2
BNST (Dlk1+),Kcnq5,0
BNST (Dlk1+),Kcnq5,1
BNST (Dlk1+),Kcnq5,0
BNST (Dlk1+),Kcnq5,0
BNST (Dlk1+),Kcnq5,0
BNST (Dlk1+),Kcnq5,0
BNST (Dlk1+),Kcnq5,0
BNST (Dlk1+),Kcnq5,0
BNST (Dlk1+),Kcnq5,0
BNST (Dlk1+),Kcnq5,0
BNST (Dlk1+),Kcnq5,0
BNST (Dlk1+),Kcnq5,0
BNST (Dlk1+),Kcnq5,1
BNST (Dlk1+),Kcnq5,0
BNST (Dlk1+),Kcnq5,0
BNST (Dlk1+),Kcnq5,0
BNST (Dlk1+),Kcnq5,0
BNST (Dlk1+),Kcnq5,17
BNST (Dlk1+),Kcnq5,8
BNST (Dlk1+),Kcnq5,0
BNST (Dlk1+),Kcnq5,8
BNST (Dlk1+),Kcnq5,0
BNST (Dlk1+),Kcnq5,0
BNST (Dlk1+),Kcnq5,0
BNST (Dlk1+),Kcnq5,0
BNST (Dlk1+),Kcnq5,0
BNST (Dlk1+),Kcnq5,0
BNST (Dlk1+),Kcnq5,5
BNST (Dlk1+),Kcnq5,0
BNST (Dlk1+),Kcnq5,0
BNST (Dlk1+),Kcnq5,1
BNST (Dlk1+),Kcnq5,0
BNST (Dlk1+),Kcnq5,0
BNST (Dlk1+),Kcnq5,0
BNST (Dlk1+),Kcnq5,1
BNST (Dlk1+),Kcnq5,1
BNST (Dlk1+),Kcnq5,0
BNST (Dlk1+),Kcnq5,0
BNST (Dlk1+),Kcnq5,0
BNST (Dlk1+),Kcnq5,14
BNST (Dlk1+),Kcnq5,0
BNST (Dlk1+),Kcnq5,0
BNST (Dlk1+),Kcnq5,0
BNST (Dlk1+),Kcnq5,0
BNST (Dlk1+),Kcnq5,9
BNST (Dlk1+),Kcnq5,8
BNST (Dlk1+),Kcnq5,0
BNST (Dlk1+),Kcnq5,0
BNST (Dlk1+),Kcnq5,0
BNST (Dlk1+),Kcnq5,0
BNST (Dlk1+),Kcnq5,15
BNST (Dlk1+),Kcnq5,0
BNST (Dlk1+),Kcnq5,0
BNST (Dlk1+),Kcnq5,0
BNST (Dlk1+),Kcnq5,0
BNST (Dlk1+),Kcnq5,11
BNST (Dlk1+),Kcnq5,0
BNST (Dlk1+),Kcnq5,12
BNST (Dlk1+),Kcnq5,0
BNST (Dlk1+),Kcnq5,0
BNST (Dlk1+),Kcnq5,0
BNST (Dlk1+),Kcnq5,0
BNST (Dlk1+),Kcnq5,0
BNST (Dlk1+),Kcnq5,0
BNST (Dlk1+),Kcnq5,1
BNST (Dlk1+),Kcnq5,8
BNST (Dlk1+),Kcnq5,0
BNST (Dlk1+),Kcnq5,0
BNST (Dlk1+),Kcnq5,0
BNST (Dlk1+),Kcnq5,0
BNST (Dlk1+),Kcnq5,1
BNST (Dlk1+),Kcnq5,0
BNST (Dlk1+),Kcnq5,1
BNST (Dlk1+),Kcnq5,6
BNST (Dlk1+),Kcnq5,1
BNST (Dlk1+),Kcnq5,0
BNST (Dlk1+),Kcnq5,0
BNST (Dlk1+),Kcnq5,0
BNST (Dlk1+),Kcnq5,2
BNST (Dlk1+),Kcnq5,0
BNST (Dlk1+),Kcnq5,0
BNST (Dlk1+),Kcnq5,0
BNST (Dlk1+),Kcnq5,34
BNST (Dlk1+),Kcnq5,9
BNST (Dlk1+),Kcnq5,0
BNST (Dlk1+),Kcnq5,12
BNST (Dlk1+),Kcnq5,0
BNST (Dlk1+),Kcnq5,15
BNST (Dlk1+),Kcnq5,0
BNST (Dlk1+),Kcnq5,1
BNST (Dlk1+),Kcnq5,2
BNST (Dlk1+),Kcnq5,0
BNST (Dlk1+),Kcnq5,0
BNST (Dlk1+),Kcnq5,6
BNST (Dlk1+),Kcnq5,0
BNST (Dlk1+),Kcnq5,0
BNST (Dlk1+),Kcnq5,0
BNST (Dlk1+),Kcnq5,0
BNST (Dlk1+),Kcnq5,4
BNST (Dlk1+),Kcnq5,0
BNST (Dlk1+),Kcnq5,0
BNST (Dlk1+),Kcnq5,0
BNST (Dlk1+),Kcnq5,0
BNST (Dlk1+),Kcnq5,10
BNST (Dlk1+),Kcnq5,0
BNST (Dlk1+),Kcnq5,13
BNST (Dlk1+),Kcnq5,9
BNST (Dlk1+),Kcnq5,0
BNST (Dlk1+),Kcnq5,4
BNST (Dlk1+),Kcnq5,0
BNST (Dlk1+),Kcnq5,6
BNST (Dlk1+),Kcnq5,0
BNST (Dlk1+),Kcnq5,0
BNST (Dlk1+),Kcnq5,0
BNST (Dlk1+),Kcnq5,0
BNST (Dlk1+),Kcnq5,4
BNST (Dlk1+),Kcnq5,0
BNST (Dlk1+),Kcnq5,0
BNST (Dlk1+),Kcnq5,0
BNST (Dlk1+),Kcnq5,0
BNST (Dlk1+),Kcnq5,0
BNST (Dlk1+),Kcnq5,0
BNST (Dlk1+),Kcnq5,0
BNST (Dlk1+),Kcnq5,1
BNST (Dlk1+),Kcnq5,0
BNST (Dlk1+),Kcnq5,0
BNST (Dlk1+),Kcnq5,0
BNST (Dlk1+),Kcnq5,0
BNST (Dlk1+),Kcnq5,11
BNST (Dlk1+),Kcnq5,0
BNST (Dlk1+),Kcnq5,0
BNST (Dlk1+),Kcnq5,0
BNST (Dlk1+),Kcnq5,13
BNST (Dlk1+),Kcnq5,1
BNST (Dlk1+),Kcnq5,0
BNST (Dlk1+),Kcnq5,28
BNST (Dlk1+),Kcnq5,0
BNST (Dlk1+),Kcnq5,0
BNST (Dlk1+),Kcnq5,1
BNST (Dlk1+),Kcnq5,0
BNST (Dlk1+),Kcnq5,0
BNST (Dlk1+),Kcnq5,1
BNST (Dlk1+),Kcnq5,0
BNST (Dlk1+),Kcnq5,0
BNST (Dlk1+),Kcnq5,0
BNST (Dlk1+),Kcnq5,4
BNST (Dlk1+),Kcnq5,0
BNST (Dlk1+),Kcnq5,1
BNST (Dlk1+),Kcnq5,6
BNST (Dlk1+),Kcnq5,0
BNST (Dlk1+),Kcnq5,0
BNST (Dlk1+),Kcnq5,2
BNST (Dlk1+),Kcnq5,0
BNST (Dlk1+),Kcnq5,0
BNST (Dlk1+),Kcnq5,1
BNST (Dlk1+),Kcnq5,0
BNST (Dlk1+),Kcnq5,0
BNST (Dlk1+),Kcnq5,0
BNST (Dlk1+),Kcnq5,0
BNST (Dlk1+),Kcnq5,0
BNST (Dlk1+),Kcnq5,0
BNST (Dlk1+),Kcnq5,0
BNST (Dlk1+),Kcnq5,0
BNST (Dlk1+),Kcnq5,1
BNST (Dlk1+),Kcnq5,3
BNST (Dlk1+),Kcnq5,0
BNST (Dlk1+),Kcnq5,21
BNST (Dlk1+),Kcnq5,1
BNST (Dlk1+),Kcnq5,11
BNST (Dlk1+),Kcnq5,0
BNST (Dlk1+),Kcnq5,0
BNST (Dlk1+),Kcnq5,0
BNST (Dlk1+),Kcnq5,0
BNST (Dlk1+),Kcnq5,0
BNST (Dlk1+),Kcnq5,16
BNST (Dlk1+),Kcnq5,0
BNST (Dlk1+),Kcnq5,0
BNST (Dlk1+),Kcnq5,0
BNST (Dlk1+),Kcnq5,0
BNST (Dlk1+),Kcnq5,0
BNST (Dlk1+),Kcnq5,0
BNST (Dlk1+),Kcnq5,0
BNST (Dlk1+),Kcnq5,0
BNST (Dlk1+),Kcnq5,0
BNST (Dlk1+),Kcnq5,7
BNST (Dlk1+),Kcnq5,0
BNST (Dlk1+),Kcnq5,0
BNST (Dlk1+),Kcnq5,0
BNST (Dlk1+),Kcnq5,0
BNST (Dlk1+),Kcnq5,1
BNST (Dlk1+),Kcnq5,0
BNST (Dlk1+),Kcnq5,0
BNST (Dlk1+),Kcnq5,4
BNST (Dlk1+),Kcnq5,0
BNST (Dlk1+),Kcnq5,0
BNST (Dlk1+),Kcnq5,1
BNST (Dlk1+),Kcnq5,3
BNST (Dlk1+),Kcnq5,0
BNST (Dlk1+),Kcnq5,0
BNST (Dlk1+),Kcnq5,0
BNST (Dlk1+),Kcnq5,0
BNST (Dlk1+),Kcnq5,0
BNST (Dlk1+),Kcnq5,9
BNST (Dlk1+),Kcnq5,0
BNST (Dlk1+),Kcnq5,0
BNST (Dlk1+),Kcnq5,0
BNST (Dlk1+),Kcnq5,0
BNST (Dlk1+),Kcnq5,9
BNST (Dlk1+),Kcnq5,1
BNST (Dlk1+),Kcnq5,0
BNST (Dlk1+),Kcnq5,1
BNST (Dlk1+),Kcnq5,22
BNST (Dlk1+),Kcnq5,0
BNST (Dlk1+),Kcnq5,0
BNST (Dlk1+),Kcnq5,0
BNST (Dlk1+),Kcnq5,0
BNST (Dlk1+),Kcnq5,14
BNST (Dlk1+),Kcnq5,0
BNST (Dlk1+),Kcnq5,1
BNST (Dlk1+),Kcnq5,9
BNST (Dlk1+),Kcnq5,0
BNST (Dlk1+),Kcnq5,9
BNST (Dlk1+),Kcnq5,0
BNST (Dlk1+),Kcnq5,20
BNST (Dlk1+),Kcnq5,16
BNST (Dlk1+),Kcnq5,0
BNST (Dlk1+),Kcnq5,19
BNST (Dlk1+),Kcnq5,0
BNST (Dlk1+),Kcnq5,6
BNST (Dlk1+),Kcnq5,0
BNST (Dlk1+),Kcnq5,0
BNST (Dlk1+),Kcnq5,0
BNST (Dlk1+),Kcnq5,0
BNST (Dlk1+),Kcnq5,0
BNST (Dlk1+),Kcnq5,0
BNST (Dlk1+),Kcnq5,0
BNST (Dlk1+),Kcnq5,13
BNST (Dlk1+),Kcnq5,0
BNST (Dlk1+),Kcnq5,0
BNST (Dlk1+),Kcnq5,0
BNST (Dlk1+),Kcnq5,0
BNST (Dlk1+),Kcnq5,0
BNST (Dlk1+),Kcnq5,0
BNST (Dlk1+),Kcnq5,0
BNST (Dlk1+),Kcnq5,0
BNST (Dlk1+),Kcnq5,12
BNST (Dlk1+),Kcnq5,0
BNST (Dlk1+),Kcnq5,0
BNST (Dlk1+),Kcnq5,11
BNST (Dlk1+),Kcnq5,3
BNST (Dlk1+),Kcnq5,0
BNST (Dlk1+),Kcnq5,1
BNST (Dlk1+),Kcnq5,1
BNST (Dlk1+),Kcnq5,17
BNST (Dlk1+),Kcnq5,0
BNST (Dlk1+),Kcnq5,0
BNST (Dlk1+),Kcnq5,0
BNST (Dlk1+),Kcnq5,11
BNST (Dlk1+),Kcnq5,0
BNST (Dlk1+),Kcnq5,0
BNST (Dlk1+),Kcnq5,9
BNST (Dlk1+),Kcnq5,0
BNST (Dlk1+),Kcnq5,0
BNST (Dlk1+),Kcnq5,0
BNST (Dlk1+),Kcnq5,0
BNST (Dlk1+),Kcnq5,12
BNST (Dlk1+),Kcnq5,0
BNST (Dlk1+),Kcnq5,11
BNST (Dlk1+),Kcnq5,0
BNST (Dlk1+),Kcnq5,13
BNST (Dlk1+),Kcnq5,0
BNST (Dlk1+),Kcnq5,0
BNST (Dlk1+),Kcnq5,0
BNST (Dlk1+),Kcnq5,0
BNST (Dlk1+),Kcnq5,0
BNST (Dlk1+),Kcnq5,0
BNST (Dlk1+),Kcnq5,20
BNST (Dlk1+),Kcnq5,0
BNST (Dlk1+),Kcnq5,0
BNST (Dlk1+),Kcnq5,0
BNST (Dlk1+),Kcnq5,0
BNST (Dlk1+),Kcnq5,8
BNST (Dlk1+),Kcnq5,0
BNST (Dlk1+),Kcnq5,8
BNST (Dlk1+),Kcnq5,0
BNST (Dlk1+),Kcnq5,1
BNST (Dlk1+),Kcnq5,0
BNST (Dlk1+),Kcnq5,0
BNST (Dlk1+),Kcnq5,3
BNST (Dlk1+),Kcnq5,0
BNST (Dlk1+),Kcnq5,19
BNST (Dlk1+),Kcnq5,0
BNST (Dlk1+),Kcnq5,0
BNST (Dlk1+),Kcnq5,0
BNST (Dlk1+),Kcnq5,0
BNST (Dlk1+),Kcnq5,4
BNST (Dlk1+),Kcnq5,0
BNST (Dlk1+),Kcnq5,0
BNST (Dlk1+),Kcnq5,0
BNST (Dlk1+),Kcnq5,8
BNST (Dlk1+),Kcnq5,0
BNST (Dlk1+),Kcnq5,0
BNST (Dlk1+),Kcnq5,0
BNST (Dlk1+),Kcnq5,5
BNST (Dlk1+),Kcnq5,5
BNST (Dlk1+),Kcnq5,0
BNST (Dlk1+),Kcnq5,0
BNST (Dlk1+),Kcnq5,0
BNST (Dlk1+),Kcnq5,0
BNST (Dlk1+),Kcnq5,3
BNST (Dlk1+),Kcnq5,19
BNST (Dlk1+),Kcnq5,0
BNST (Dlk1+),Kcnq5,0
BNST (Dlk1+),Kcnq5,11
BNST (Dlk1+),Kcnq5,0
BNST (Dlk1+),Kcnq5,1
BNST (Dlk1+),Kcnq5,0
BNST (Dlk1+),Kcnq5,1
BNST (Dlk1+),Kcnq5,2
BNST (Dlk1+),Kcnq5,0
BNST (Dlk1+),Kcnq5,1
BNST (Dlk1+),Kcnq5,0
BNST (Dlk1+),Kcnq5,12
BNST (Dlk1+),Kcnq5,2
BNST (Dlk1+),Kcnq5,0
BNST (Dlk1+),Kcnq5,0
BNST (Dlk1+),Kcnq5,0
BNST (Dlk1+),Kcnq5,8
BNST (Dlk1+),Kcnq5,0
BNST (Dlk1+),Kcnq5,42
BNST (Dlk1+),Kcnq5,13
BNST (Dlk1+),Kcnq5,32
BNST (Dlk1+),Kcnq5,37
BNST (Dlk1+),Kcnq5,0
BNST (Dlk1+),Kcnq5,0
BNST (Dlk1+),Kcnq5,14
BNST (Dlk1+),Kcnq5,19
BNST (Dlk1+),Kcnq5,0
BNST (Dlk1+),Kcnq5,0
BNST (Dlk1+),Kcnq5,0
BNST (Dlk1+),Kcnq5,0
BNST (Dlk1+),Kcnq5,0
BNST (Dlk1+),Kcnq5,0
BNST (Dlk1+),Kcnq5,22
BNST (Dlk1+),Kcnq5,0
BNST (Dlk1+),Kcnq5,0
BNST (Dlk1+),Kcnq5,13
BNST (Dlk1+),Kcnq5,0
BNST (Dlk1+),Kcnq5,0
BNST (Dlk1+),Kcnq5,0
BNST (Dlk1+),Kcnq5,0
BNST (Dlk1+),Kcnq5,0
BNST (Dlk1+),Kcnq5,0
BNST (Dlk1+),Kcnq5,0
BNST (Dlk1+),Kcnq5,0
BNST (Dlk1+),Kcnq5,0
BNST (Dlk1+),Kcnq5,0
BNST (Dlk1+),Kcnq5,0
BNST (Dlk1+),Kcnq5,0
BNST (Dlk1+),Kcnq5,0
BNST (Dlk1+),Kcnq5,13
BNST (Dlk1+),Kcnq5,27
BNST (Dlk1+),Kcnq5,1
BNST (Dlk1+),Kcnq5,0
BNST (Dlk1+),Kcnq5,0
BNST (Dlk1+),Kcnq5,0
BNST (Dlk1+),Kcnq5,0
BNST (Dlk1+),Kcnq5,0
BNST (Dlk1+),Kcnq5,0
BNST (Dlk1+),Kcnq5,0
BNST (Dlk1+),Kcnq5,1
BNST (Dlk1+),Kcnq5,0
BNST (Dlk1+),Kcnq5,0
BNST (Dlk1+),Kcnq5,0
BNST (Dlk1+),Kcnq5,2
BNST (Dlk1+),Kcnq5,0
BNST (Dlk1+),Kcnq5,2
BNST (Dlk1+),Kcnq5,0
BNST (Dlk1+),Kcnq5,0
BNST (Dlk1+),Kcnq5,0
BNST (Dlk1+),Kcnq5,0
BNST (Dlk1+),Kcnq5,0
BNST (Dlk1+),Kcnq5,0
BNST (Dlk1+),Kcnq5,7
BNST (Dlk1+),Kcnq5,5
BNST (Dlk1+),Kcnq5,0
BNST (Dlk1+),Kcnq5,3
BNST (Dlk1+),Kcnq5,18
BNST (Dlk1+),Kcnq5,12
BNST (Dlk1+),Kcnq5,13
BNST (Dlk1+),Kcnq5,24
BNST (Dlk1+),Kcnq5,1
BNST (Dlk1+),Kcnq5,0
BNST (Dlk1+),Kcnq5,0
BNST (Dlk1+),Kcnq5,4
BNST (Dlk1+),Kcnq5,11
BNST (Dlk1+),Kcnq5,7
BNST (Dlk1+),Kcnq5,0
BNST (Dlk1+),Kcnq5,1
BNST (Dlk1+),Kcnq5,0
BNST (Dlk1+),Kcnq5,1
BNST (Dlk1+),Kcnq5,0
BNST (Dlk1+),Kcnq5,0
BNST (Dlk1+),Kcnq5,6
BNST (Dlk1+),Kcnq5,0
BNST (Dlk1+),Kcnq5,0
BNST (Dlk1+),Kcnq5,0
BNST (Dlk1+),Kcnq5,1
BNST (Dlk1+),Kcnq5,0
BNST (Dlk1+),Kcnq5,0
BNST (Dlk1+),Kcnq5,16
BNST (Dlk1+),Kcnq5,9
BNST (Dlk1+),Kcnq5,3
BNST (Dlk1+),Kcnq5,0
BNST (Dlk1+),Kcnq5,0
BNST (Dlk1+),Kcnq5,0
BNST (Dlk1+),Kcnq5,33
BNST (Dlk1+),Kcnq5,0
BNST (Dlk1+),Kcnq5,0
BNST (Dlk1+),Kcnq5,0
BNST (Dlk1+),Kcnq5,4
BNST (Dlk1+),Kcnq5,1
BNST (Dlk1+),Kcnq5,8
BNST (Dlk1+),Kcnq5,0
BNST (Dlk1+),Kcnq5,0
BNST (Dlk1+),Kcnq5,0
BNST (Dlk1+),Kcnq5,0
BNST (Dlk1+),Kcnq5,0
BNST (Dlk1+),Kcnq5,0
BNST (Dlk1+),Kcnq5,0
BNST (Dlk1+),Kcnq5,0
BNST (Dlk1+),Kcnq5,8
BNST (Dlk1+),Kcnq5,9
BNST (Dlk1+),Kcnq5,0
BNST (Dlk1+),Kcnq5,0
BNST (Dlk1+),Kcnq5,0
BNST (Dlk1+),Kcnq5,0
BNST (Dlk1+),Kcnq5,0
BNST (Dlk1+),Kcnq5,0
BNST (Dlk1+),Kcnq5,0
BNST (Dlk1+),Kcnq5,0
BNST (Dlk1+),Kcnq5,12
BNST (Dlk1+),Kcnq5,0
BNST (Dlk1+),Kcnq5,0
BNST (Dlk1+),Kcnq5,10
BNST (Dlk1+),Kcnq5,0
BNST (Dlk1+),Kcnq5,0
BNST (Dlk1+),Kcnq5,0
BNST (Dlk1+),Kcnq5,0
BNST (Dlk1+),Kcnq5,0
BNST (Dlk1+),Kcnq5,0
BNST (Dlk1+),Kcnq5,0
BNST (Dlk1+),Kcnq5,0
BNST (Dlk1+),Kcnq5,11
BNST (Dlk1+),Kcnq5,0
BNST (Dlk1+),Kcnq5,10
BNST (Dlk1+),Kcnq5,0
BNST (Dlk1+),Kcnq5,6
BNST (Dlk1+),Kcnq5,34
BNST (Dlk1+),Kcnq5,0
PAG (Crh+),Kcnq2,9
PAG (Crh+),Kcnq2,0
PAG (Crh+),Kcnq2,1
PAG (Crh+),Kcnq2,34
PAG (Crh+),Kcnq2,34
PAG (Crh+),Kcnq2,10
PAG (Crh+),Kcnq2,8
PAG (Crh+),Kcnq2,4
PAG (Crh+),Kcnq2,19
PAG (Crh+),Kcnq2,4
PAG (Crh+),Kcnq2,0
PAG (Crh+),Kcnq2,0
PAG (Crh+),Kcnq2,24
PAG (Crh+),Kcnq2,10
PAG (Crh+),Kcnq2,45
PAG (Crh+),Kcnq2,12
PAG (Crh+),Kcnq2,0
PAG (Crh+),Kcnq2,14
PAG (Crh+),Kcnq2,0
PAG (Crh+),Kcnq2,10
PAG (Crh+),Kcnq2,16
PAG (Crh+),Kcnq2,8
PAG (Crh+),Kcnq2,7
PAG (Crh+),Kcnq2,8
PAG (Crh+),Kcnq2,6
PAG (Crh+),Kcnq2,9
PAG (Crh+),Kcnq2,10
PAG (Crh+),Kcnq2,5
PAG (Crh+),Kcnq2,33
PAG (Crh+),Kcnq2,5
PAG (Crh+),Kcnq2,0
PAG (Crh+),Kcnq2,8
PAG (Crh+),Kcnq2,17
PAG (Crh+),Kcnq2,20
PAG (Crh+),Kcnq2,69
PAG (Crh+),Kcnq2,35
PAG (Crh+),Kcnq2,9
PAG (Crh+),Kcnq2,10
PAG (Crh+),Kcnq2,16
PAG (Crh+),Kcnq2,0
PAG (Crh+),Kcnq2,11
PAG (Crh+),Kcnq2,0
PAG (Crh+),Kcnq2,13
PAG (Crh+),Kcnq2,7
PAG (Crh+),Kcnq2,19
PAG (Crh+),Kcnq2,18
PAG (Crh+),Kcnq2,0
PAG (Crh+),Kcnq2,82
PAG (Crh+),Kcnq2,13
PAG (Crh+),Kcnq2,20
PAG (Crh+),Kcnq2,0
PAG (Crh+),Kcnq2,10
PAG (Crh+),Kcnq2,25
PAG (Crh+),Kcnq2,0
PAG (Crh+),Kcnq2,9
PAG (Crh+),Kcnq2,1
PAG (Crh+),Kcnq2,3
PAG (Crh+),Kcnq2,0
PAG (Crh+),Kcnq2,0
PAG (Crh+),Kcnq2,0
PAG (Crh+),Kcnq2,24
PAG (Crh+),Kcnq2,5
PAG (Crh+),Kcnq2,0
PAG (Crh+),Kcnq2,12
PAG (Crh+),Kcnq2,0
PAG (Crh+),Kcnq2,16
PAG (Crh+),Kcnq2,1
PAG (Crh+),Kcnq2,1
PAG (Crh+),Kcnq2,14
PAG (Crh+),Kcnq2,14
PAG (Crh+),Kcnq2,9
PAG (Crh+),Kcnq2,0
PAG (Crh+),Kcnq2,1
PAG (Crh+),Kcnq2,3
PAG (Crh+),Kcnq2,9
PAG (Crh+),Kcnq2,8
PAG (Crh+),Kcnq2,18
PAG (Crh+),Kcnq2,3
PAG (Crh+),Kcnq2,21
PAG (Crh+),Kcnq2,8
PAG (Crh+),Kcnq2,15
PAG (Crh+),Kcnq2,2
PAG (Crh+),Kcnq2,3
PAG (Crh+),Kcnq2,47
PAG (Crh+),Kcnq2,7
PAG (Crh+),Kcnq2,15
PAG (Crh+),Kcnq2,2
PAG (Crh+),Kcnq2,1
PAG (Crh+),Kcnq2,1
PAG (Crh+),Kcnq2,20
PAG (Crh+),Kcnq2,19
PAG (Crh+),Kcnq2,1
PAG (Crh+),Kcnq2,0
PAG (Crh+),Kcnq2,23
PAG (Crh+),Kcnq2,0
PAG (Crh+),Kcnq2,15
PAG (Crh+),Kcnq2,18
PAG (Crh+),Kcnq2,23
PAG (Crh+),Kcnq2,0
PAG (Crh+),Kcnq2,0
PAG (Crh+),Kcnq2,1
PAG (Crh+),Kcnq2,0
PAG (Crh+),Kcnq2,31
PAG (Crh+),Kcnq2,19
PAG (Crh+),Kcnq2,15
PAG (Crh+),Kcnq2,47
PAG (Crh+),Kcnq2,27
PAG (Crh+),Kcnq2,1
PAG (Crh+),Kcnq2,6
PAG (Crh+),Kcnq2,21
PAG (Crh+),Kcnq2,4
PAG (Crh+),Kcnq2,34
PAG (Crh+),Kcnq2,1
PAG (Crh+),Kcnq2,4
PAG (Crh+),Kcnq2,0
PAG (Crh+),Kcnq2,0
PAG (Crh+),Kcnq2,0
PAG (Crh+),Kcnq2,11
PAG (Crh+),Kcnq2,7
PAG (Crh+),Kcnq2,15
PAG (Crh+),Kcnq2,17
PAG (Crh+),Kcnq2,1
PAG (Crh+),Kcnq2,25
PAG (Crh+),Kcnq2,15
PAG (Crh+),Kcnq3,0
PAG (Crh+),Kcnq3,9
PAG (Crh+),Kcnq3,0
PAG (Crh+),Kcnq3,0
PAG (Crh+),Kcnq3,8
PAG (Crh+),Kcnq3,0
PAG (Crh+),Kcnq3,0
PAG (Crh+),Kcnq3,0
PAG (Crh+),Kcnq3,13
PAG (Crh+),Kcnq3,0
PAG (Crh+),Kcnq3,0
PAG (Crh+),Kcnq3,0
PAG (Crh+),Kcnq3,0
PAG (Crh+),Kcnq3,0
PAG (Crh+),Kcnq3,1
PAG (Crh+),Kcnq3,20
PAG (Crh+),Kcnq3,1
PAG (Crh+),Kcnq3,0
PAG (Crh+),Kcnq3,1
PAG (Crh+),Kcnq3,5
PAG (Crh+),Kcnq3,9
PAG (Crh+),Kcnq3,0
PAG (Crh+),Kcnq3,0
PAG (Crh+),Kcnq3,0
PAG (Crh+),Kcnq3,6
PAG (Crh+),Kcnq3,12
PAG (Crh+),Kcnq3,0
PAG (Crh+),Kcnq3,0
PAG (Crh+),Kcnq3,0
PAG (Crh+),Kcnq3,5
PAG (Crh+),Kcnq3,0
PAG (Crh+),Kcnq3,6
PAG (Crh+),Kcnq3,0
PAG (Crh+),Kcnq3,0
PAG (Crh+),Kcnq3,0
PAG (Crh+),Kcnq3,0
PAG (Crh+),Kcnq3,0
PAG (Crh+),Kcnq3,0
PAG (Crh+),Kcnq3,0
PAG (Crh+),Kcnq3,1
PAG (Crh+),Kcnq3,43
PAG (Crh+),Kcnq3,0
PAG (Crh+),Kcnq3,0
PAG (Crh+),Kcnq3,0
PAG (Crh+),Kcnq3,0
PAG (Crh+),Kcnq3,0
PAG (Crh+),Kcnq3,0
PAG (Crh+),Kcnq3,16
PAG (Crh+),Kcnq3,19
PAG (Crh+),Kcnq3,1
PAG (Crh+),Kcnq3,0
PAG (Crh+),Kcnq3,0
PAG (Crh+),Kcnq3,4
PAG (Crh+),Kcnq3,0
PAG (Crh+),Kcnq3,0
PAG (Crh+),Kcnq3,2
PAG (Crh+),Kcnq3,0
PAG (Crh+),Kcnq3,0
PAG (Crh+),Kcnq3,0
PAG (Crh+),Kcnq3,1
PAG (Crh+),Kcnq3,9
PAG (Crh+),Kcnq3,16
PAG (Crh+),Kcnq3,0
PAG (Crh+),Kcnq3,0
PAG (Crh+),Kcnq3,0
PAG (Crh+),Kcnq3,32
PAG (Crh+),Kcnq3,0
PAG (Crh+),Kcnq3,0
PAG (Crh+),Kcnq3,0
PAG (Crh+),Kcnq3,0
PAG (Crh+),Kcnq3,12
PAG (Crh+),Kcnq3,10
PAG (Crh+),Kcnq3,0
PAG (Crh+),Kcnq3,0
PAG (Crh+),Kcnq3,0
PAG (Crh+),Kcnq3,7
PAG (Crh+),Kcnq3,11
PAG (Crh+),Kcnq3,3
PAG (Crh+),Kcnq3,21
PAG (Crh+),Kcnq3,0
PAG (Crh+),Kcnq3,7
PAG (Crh+),Kcnq3,0
PAG (Crh+),Kcnq3,0
PAG (Crh+),Kcnq3,0
PAG (Crh+),Kcnq3,0
PAG (Crh+),Kcnq3,0
PAG (Crh+),Kcnq3,0
PAG (Crh+),Kcnq3,0
PAG (Crh+),Kcnq3,0
PAG (Crh+),Kcnq3,0
PAG (Crh+),Kcnq3,1
PAG (Crh+),Kcnq3,0
PAG (Crh+),Kcnq3,6
PAG (Crh+),Kcnq3,0
PAG (Crh+),Kcnq3,7
PAG (Crh+),Kcnq3,2
PAG (Crh+),Kcnq3,1
PAG (Crh+),Kcnq3,0
PAG (Crh+),Kcnq3,1
PAG (Crh+),Kcnq3,0
PAG (Crh+),Kcnq3,0
PAG (Crh+),Kcnq3,0
PAG (Crh+),Kcnq3,2
PAG (Crh+),Kcnq3,22
PAG (Crh+),Kcnq3,0
PAG (Crh+),Kcnq3,11
PAG (Crh+),Kcnq3,11
PAG (Crh+),Kcnq3,6
PAG (Crh+),Kcnq3,13
PAG (Crh+),Kcnq3,6
PAG (Crh+),Kcnq3,0
PAG (Crh+),Kcnq3,0
PAG (Crh+),Kcnq3,0
PAG (Crh+),Kcnq3,6
PAG (Crh+),Kcnq3,9
PAG (Crh+),Kcnq3,17
PAG (Crh+),Kcnq3,0
PAG (Crh+),Kcnq3,0
PAG (Crh+),Kcnq3,0
PAG (Crh+),Kcnq3,16
PAG (Crh+),Kcnq3,1
PAG (Crh+),Kcnq3,0
PAG (Crh+),Kcnq3,0
PAG (Crh+),Kcnq3,0
PAG (Crh+),Kcnq5,1
PAG (Crh+),Kcnq5,0
PAG (Crh+),Kcnq5,0
PAG (Crh+),Kcnq5,0
PAG (Crh+),Kcnq5,0
PAG (Crh+),Kcnq5,0
PAG (Crh+),Kcnq5,0
PAG (Crh+),Kcnq5,0
PAG (Crh+),Kcnq5,0
PAG (Crh+),Kcnq5,0
PAG (Crh+),Kcnq5,7
PAG (Crh+),Kcnq5,0
PAG (Crh+),Kcnq5,0
PAG (Crh+),Kcnq5,1
PAG (Crh+),Kcnq5,15
PAG (Crh+),Kcnq5,9
PAG (Crh+),Kcnq5,2
PAG (Crh+),Kcnq5,0
PAG (Crh+),Kcnq5,0
PAG (Crh+),Kcnq5,0
PAG (Crh+),Kcnq5,21
PAG (Crh+),Kcnq5,4
PAG (Crh+),Kcnq5,0
PAG (Crh+),Kcnq5,0
PAG (Crh+),Kcnq5,1
PAG (Crh+),Kcnq5,2
PAG (Crh+),Kcnq5,0
PAG (Crh+),Kcnq5,0
PAG (Crh+),Kcnq5,17
PAG (Crh+),Kcnq5,13
PAG (Crh+),Kcnq5,0
PAG (Crh+),Kcnq5,0
PAG (Crh+),Kcnq5,0
PAG (Crh+),Kcnq5,0
PAG (Crh+),Kcnq5,1
PAG (Crh+),Kcnq5,0
PAG (Crh+),Kcnq5,0
PAG (Crh+),Kcnq5,29
PAG (Crh+),Kcnq5,0
PAG (Crh+),Kcnq5,0
PAG (Crh+),Kcnq5,31
PAG (Crh+),Kcnq5,0
PAG (Crh+),Kcnq5,18
PAG (Crh+),Kcnq5,0
PAG (Crh+),Kcnq5,0
PAG (Crh+),Kcnq5,0
PAG (Crh+),Kcnq5,0
PAG (Crh+),Kcnq5,2
PAG (Crh+),Kcnq5,0
PAG (Crh+),Kcnq5,0
PAG (Crh+),Kcnq5,0
PAG (Crh+),Kcnq5,0
PAG (Crh+),Kcnq5,0
PAG (Crh+),Kcnq5,0
PAG (Crh+),Kcnq5,0
PAG (Crh+),Kcnq5,0
PAG (Crh+),Kcnq5,0
PAG (Crh+),Kcnq5,22
PAG (Crh+),Kcnq5,7
PAG (Crh+),Kcnq5,0
PAG (Crh+),Kcnq5,0
PAG (Crh+),Kcnq5,0
PAG (Crh+),Kcnq5,3
PAG (Crh+),Kcnq5,7
PAG (Crh+),Kcnq5,0
PAG (Crh+),Kcnq5,0
PAG (Crh+),Kcnq5,0
PAG (Crh+),Kcnq5,0
PAG (Crh+),Kcnq5,0
PAG (Crh+),Kcnq5,11
PAG (Crh+),Kcnq5,4
PAG (Crh+),Kcnq5,0
PAG (Crh+),Kcnq5,14
PAG (Crh+),Kcnq5,0
PAG (Crh+),Kcnq5,0
PAG (Crh+),Kcnq5,0
PAG (Crh+),Kcnq5,8
PAG (Crh+),Kcnq5,7
PAG (Crh+),Kcnq5,42
PAG (Crh+),Kcnq5,0
PAG (Crh+),Kcnq5,0
PAG (Crh+),Kcnq5,0
PAG (Crh+),Kcnq5,0
PAG (Crh+),Kcnq5,0
PAG (Crh+),Kcnq5,13
PAG (Crh+),Kcnq5,0
PAG (Crh+),Kcnq5,0
PAG (Crh+),Kcnq5,0
PAG (Crh+),Kcnq5,0
PAG (Crh+),Kcnq5,0
PAG (Crh+),Kcnq5,0
PAG (Crh+),Kcnq5,1
PAG (Crh+),Kcnq5,0
PAG (Crh+),Kcnq5,0
PAG (Crh+),Kcnq5,0
PAG (Crh+),Kcnq5,0
PAG (Crh+),Kcnq5,0
PAG (Crh+),Kcnq5,17
PAG (Crh+),Kcnq5,1
PAG (Crh+),Kcnq5,0
PAG (Crh+),Kcnq5,0
PAG (Crh+),Kcnq5,6
PAG (Crh+),Kcnq5,1
PAG (Crh+),Kcnq5,0
PAG (Crh+),Kcnq5,17
PAG (Crh+),Kcnq5,0
PAG (Crh+),Kcnq5,0
PAG (Crh+),Kcnq5,1
PAG (Crh+),Kcnq5,0
PAG (Crh+),Kcnq5,0
PAG (Crh+),Kcnq5,10
PAG (Crh+),Kcnq5,0
PAG (Crh+),Kcnq5,0
PAG (Crh+),Kcnq5,2
PAG (Crh+),Kcnq5,0
PAG (Crh+),Kcnq5,0
PAG (Crh+),Kcnq5,0
PAG (Crh+),Kcnq5,0
PAG (Crh+),Kcnq5,0
PAG (Crh+),Kcnq5,0
PAG (Crh+),Kcnq5,22
PAG (Crh+),Kcnq5,0
PAG (Crh+),Kcnq5,5
PAG (Crh+),Kcnq5,0
